project;;;;; SC21250_CEFE_Ports ;; SC21250_CEFE_Ports ; SC21250_CEFE_Ports ; SC21250_CEFE_Ports ; SC21250_CEFE_Ports ; SC21250_CEFE_Ports ; SC21250_CEFE_Ports ; SC21250_CEFE_Ports ; SC21250_CEFE_Ports ; SC21250_CEFE_Ports ; SC21250_CEFE_Ports ; SC21250_CEFE_Ports ; SC21250_CEFE_Ports ; SC21250_CEFE_Ports ; SC21250_CEFE_Ports ; SC21250_CEFE_Ports ; SC21250_CEFE_Ports ; SC21250_CEFE_Ports ; SC21250_CEFE_Ports ; SC21250_CEFE_Ports ; SC21250_CEFE_Ports ; SC21250_CEFE_Ports ; SC21250_CEFE_Ports ; SC21250_CEFE_Ports ; SC21250_CEFE_Ports ; SC21250_CEFE_Ports ; SC21250_CEFE_Ports ; SC21250_CEFE_Ports ; SC21250_CEFE_Ports ; SC21250_CEFE_Ports ; SC21250_CEFE_Ports ; SC21250_CEFE_Ports ; SC21250_CEFE_Ports ; SC21250_CEFE_Ports ; SC21250_CEFE_Ports ; SC21250_CEFE_Ports ; SC21250_CEFE_Ports ; SC21250_CEFE_Ports ; SC21250_CEFE_Ports ; SC21250_CEFE_Ports ; SC21250_CEFE_Ports ; SC21250_CEFE_Ports ; SC21250_CEFE_Ports ; SC21250_CEFE_Ports ; SC21250_CEFE_Ports ; SC21250_CEFE_Ports ; SC21250_CEFE_Ports ; SC21250_CEFE_Ports ; SC21250_CEFE_Ports ; SC21250_CEFE_Ports ; SC21250_CEFE_Ports ; SC21250_CEFE_Ports ; SC21250_CEFE_Ports ; SC21250_CEFE_Ports ; SC21250_CEFE_Ports ; SC21250_CEFE_Ports ; SC21250_CEFE_Ports ; SC21250_CEFE_Ports ; SC21250_CEFE_Ports ; SC21250_CEFE_Ports ; SC21250_CEFE_Ports 
station;;;;; Agde Port ;; Agde Port ; Agde Port ; Agde Port ; Agde Port ; Agde Port ; Agde Port ; Cannes Biohut ; Cannes Biohut ; Cannes Port ; Cannes Port ; Cannes Port ; Cannes Port ; Cannes Port ; Cannes Port ; Cannes Port ; Cannes Port ; La Ciotat Port ; La Ciotat Port ; La Ciotat Port ; La Ciotat Port ; La Ciotat Port Zone 1 ; La Ciotat Port Zone 1 ; La Ciotat Port Zone 1 ; La Ciotat Port Zone 1 ; La Ciotat Port Zone 2 ; La Ciotat Port Zone 2 ; La Ciotat Port Zone 2 ; La Ciotat Port Zone 2 ; Marseillan Port ; Marseillan Port ; Marseillan Port ; Marseillan Port ; Marseillan Port ; Marseillan Port ; Porquerolles Port  ; Porquerolles Port  ; Porquerolles Port  ; Porquerolles Port  ; Porquerolles Port  ; Porquerolles Port  ; Porquerolles Port  ; Porquerolles Port  ; Port Vendre Port ; Port Vendre Port ; Port Vendre Port ; Port Vendre Port ; Port Vendre Port ; Port Vendre Port ; Port Vendre Port ; Port Vendre Port ; SMM Port  ; SMM Port  ; SMM Port  ; SMM Port  ; SMM Port  ; SMM Port  ; SMM Port  ; SMM Port  ; SMM Port  ; SMM Port  
Campagne;;;;; 1_Campagne hiver 2021 ;; 1_Campagne hiver 2021 ; 1_Campagne hiver 2021 ; 2_Campagne été 2022 ; 2_Campagne été 2022 ; 2_Campagne été 2022 ; 2_Campagne été 2022 ; 1_Campagne hiver 2021 ; 1_Campagne hiver 2021 ; 1_Campagne hiver 2021 ; 1_Campagne hiver 2021 ; 1_Campagne hiver 2021 ; 1_Campagne hiver 2021 ; 2_Campagne été 2022 ; 2_Campagne été 2022 ; 2_Campagne été 2022 ; 2_Campagne été 2022 ; 1_Campagne hiver 2021 ; 1_Campagne hiver 2021 ; 1_Campagne hiver 2021 ; 1_Campagne hiver 2021 ; 2_Campagne été 2022 ; 2_Campagne été 2022 ; 2_Campagne été 2022 ; 2_Campagne été 2022 ; 2_Campagne été 2022 ; 2_Campagne été 2022 ; 2_Campagne été 2022 ; 2_Campagne été 2022 ; 1_Campagne hiver 2021 ; 1_Campagne hiver 2021 ; 1_Campagne hiver 2021 ; 1_Campagne hiver 2021 ; 1_Campagne hiver 2021 ; 1_Campagne hiver 2021 ; 1_Campagne hiver 2021 ; 1_Campagne hiver 2021 ; 1_Campagne hiver 2021 ; 1_Campagne hiver 2021 ; 2_Campagne été 2022 ; 2_Campagne été 2022 ; 2_Campagne été 2022 ; 2_Campagne été 2022 ; 1_Campagne hiver 2021 ; 1_Campagne hiver 2021 ; 1_Campagne hiver 2021 ; 1_Campagne hiver 2021 ; 2_Campagne été 2022 ; 2_Campagne été 2022 ; 2_Campagne été 2022 ; 2_Campagne été 2022 ; 1_Campagne hiver 2021 ; 1_Campagne hiver 2021 ; 1_Campagne hiver 2021 ; 1_Campagne hiver 2021 ; 1_Campagne hiver 2021 ; 1_Campagne hiver 2021 ; 2_Campagne été 2022 ; 2_Campagne été 2022 ; 2_Campagne été 2022 ; 2_Campagne été 2022 
Ech.;;;;; SPY213513 ;; SPY213520 ; SPY213520 ; SPY221741 ; SPY221741 ; SPY221742 ; SPY221742 ; SPY213515 ; SPY213515 ; SPY213512 ; SPY213512 ; SPY213516 ; SPY213516 ; SPY221745 ; SPY221745 ; SPY221746 ; SPY221746 ; SPY213514 ; SPY213514 ; SPY213517 ; SPY213517 ; SPY221749 ; SPY221749 ; SPY221750 ; SPY221750 ; SPY221751 ; SPY221751 ; SPY221753 ; SPY221753 ; SPY202505 ; SPY202505 ; SPY202519 ; SPY202519 ; SPY202520 ; SPY202520 ; SPY213519 ; SPY213519 ; SPY213527 ; SPY213527 ; SPY221747 ; SPY221747 ; SPY221748 ; SPY221748 ; SPY213523 ; SPY213523 ; SPY213525 ; SPY213525 ; SPY221743 ; SPY221743 ; SPY221744 ; SPY221744 ; SPY213518 ; SPY213518 ; SPY213521 ; SPY213521 ; SPY213522 ; SPY213522 ; SPY221739 ; SPY221739 ; SPY221740 ; SPY221740 
class;order;family;scientific_name;db; Nbr rep ; Nbr seq ; Nbr rep ; Nbr seq ; Nbr rep ; Nbr seq ; Nbr rep ; Nbr seq ; Nbr rep ; Nbr seq ; Nbr rep ; Nbr seq ; Nbr rep ; Nbr seq ; Nbr rep ; Nbr seq ; Nbr rep ; Nbr seq ; Nbr rep ; Nbr seq ; Nbr rep ; Nbr seq ; Nbr rep ; Nbr seq ; Nbr rep ; Nbr seq ; Nbr rep ; Nbr seq ; Nbr rep ; Nbr seq ; Nbr rep ; Nbr seq ; Nbr rep ; Nbr seq ; Nbr rep ; Nbr seq ; Nbr rep ; Nbr seq ; Nbr rep ; Nbr seq ; Nbr rep ; Nbr seq ; Nbr rep ; Nbr seq ; Nbr rep ; Nbr seq ; Nbr rep ; Nbr seq ; Nbr rep ; Nbr seq ; Nbr rep ; Nbr seq ; Nbr rep ; Nbr seq ; Nbr rep ; Nbr seq ; Nbr rep ; Nbr seq ; Nbr rep ; Nbr seq ; Nbr rep ; Nbr seq 
Actinopteri;Acipenseriformes;Acipenseridae;Acipenser sp.;GB_247;;;;;;;;;;;;;;; 2 ; 410 ; 1 ; 1 372 ;;;;;;;;;;;;;;;;;;;;;;;;;;;;;;;;;;;;;;;;;;;;
Actinopteri;Anguilliformes;Anguillidae;Anguilla sp.;GB_247; 1 ; 492 ;;;;;;;;;;;;;;;;; 1 ; 13 ; 3 ; 81 ; 4 ; 163 ; 2 ; 154 ;;;;; 4 ; 212 ;;; 3 ; 103 ;;;;;;;;;;;;; 1 ; 23 ;;;;; 1 ; 14 ; 1 ; 13 ;;; 1 ; 55 
Actinopteri;Anguilliformes;Congridae;Conger conger;Poissons Méditerranée 2022;;;;;;;;; 1 ; 219 ;;;;;;;;; 5 ; 142 ; 3 ; 176 ; 2 ; 269 ; 1 ; 105 ; 2 ; 162 ; 3 ; 957 ; 7 ; 1 118 ; 5 ; 1 684 ; 11 ; 1 451 ; 4 ; 230 ;;; 2 ; 1 241 ; 1 ; 156 ; 9 ; 404 ; 12 ; 1 260 ; 4 ; 1 233 ; 4 ; 687 ; 12 ; 2 181 ; 8 ; 668 ; 12 ; 2 008 ; 11 ; 10 963 ; 12 ; 4 835 
Actinopteri;Anguilliformes;Muraenidae;Muraena helena;Poissons Méditerranée 2022;;;;;;;;; 9 ; 789 ;;;;;;;;; 2 ; 59 ; 4 ; 190 ; 2 ; 376 ; 2 ; 139 ;;; 1 ; 154 ;;;;;;; 6 ; 865 ;;;;; 1 ; 33 ;;;;;;;;;;;;;;;;;;
Actinopteri;Atheriniformes;Atherinidae;Atherina boyeri;Poissons Méditerranée 2022;;;;;;;;;;;;;;;;;;;;;;;;;;;;;;; 7 ; 225 ;;; 2 ; 60 ;;;;;;;;;;; 1 ; 12 ;;;;; 12 ; 1 470 ; 12 ; 4 583 ; 12 ; 2 843 ;;;;
Actinopteri;Beloniformes;Belonidae;Belone belone;Poissons Méditerranée 2022;;; 2 ; 124 ;;;;; 3 ; 81 ;;;;;;;;; 1 ; 32 ;;;;;;;;;;; 12 ; 1 835 ; 9 ; 1 837 ; 12 ; 2 668 ;;;;;;;;; 3 ; 89 ; 2 ; 27 ;;; 1 ; 30 ; 1 ; 47 ; 1 ; 12 ; 3 ; 52 ;;; 6 ; 371 
Actinopteri;Beloniformes;Belonidae;Cololabis saira;GB_247;;;;;;;;;;;;;;; 1 ; 263 ;;;;;;;;;;;;;;;;;;;;;;;;;;;;;;;;;;;;;;;;;;;;;;
Actinopteri;Blenniiformes;Blenniidae;Aidablennius sphynx;Poissons Méditerranée 2022;;;;;;;;;;;;;;;;;;;;;;;;;;;;; 1 ; 76 ; 1 ; 46 ;;; 1 ; 41 ;;;;;;;;;;;;;;;;;;;;;;; 1 ; 189 ; 3 ; 579 
Actinopteri;Blenniiformes;Blenniidae;Lipophrys trigloides;Poissons Méditerranée 2022;;;;;;;;;;;;;;;;;;;;; 1 ; 23 ; 1 ; 29 ; 4 ; 471 ;;;;; 2 ; 36 ; 1 ; 137 ;;;;;;;;; 2 ; 277 ;;;;; 2 ; 300 ;;; 8 ; 354 ; 1 ; 28 ; 2 ; 101 ; 2 ; 219 ; 6 ; 694 
Actinopteri;Blenniiformes;Blenniidae;Parablennius gattorugine;Poissons Méditerranée 2022;;;;;;;;;;;;;;;;;;; 3 ; 130 ; 3 ; 162 ; 2 ; 243 ; 2 ; 770 ; 1 ; 113 ; 5 ; 2 508 ; 8 ; 643 ; 4 ; 656 ; 9 ; 889 ;;;;;;;;;;;;; 1 ; 671 ;;; 7 ; 846 ; 3 ; 99 ; 5 ; 478 ; 2 ; 799 ; 5 ; 1 303 
Actinopteri;Blenniiformes;Blenniidae;Parablennius incognitus;Poissons Méditerranée 2022;;; 1 ; 194 ;;;;; 9 ; 1 063 ;;; 2 ; 93 ; 1 ; 123 ; 2 ; 165 ;;;;;;;;;;;;; 2 ; 108 ; 5 ; 796 ; 4 ; 314 ; 1 ; 87 ;;; 3 ; 388 ;;;;;;; 1 ; 35 ; 2 ; 83 ; 1 ; 12 ;;;;; 2 ; 165 ; 3 ; 275 
Actinopteri;Blenniiformes;Blenniidae;Parablennius pilicornis;Poissons Méditerranée 2022;;;;;;;;; 12 ; 75 395 ;;;;;;;;;;;;; 1 ; 31 ;;;;;;; 6 ; 879 ; 2 ; 700 ; 6 ; 562 ;;;;;;;;;;;;; 2 ; 1 037 ; 3 ; 564 ; 3 ; 169 ; 2 ; 56 ; 6 ; 1 054 ; 8 ; 2 405 ; 12 ; 20 668 
Actinopteri;Blenniiformes;Blenniidae;Parablennius rouxi;Poissons Méditerranée 2022;;;;;;;;;;;;;;;;;;;;;;; 1 ; 180 ;;; 2 ; 174 ;;;;;;;;;;;;;;;;;;;;;;; 3 ; 722 ;;;;;;;;;;
Actinopteri;Blenniiformes;Blenniidae;Parablennius zvonimiri;Poissons Méditerranée 2022;;;;;;;;;;;;;;;;;;;;;;;;;;;;;;;;;;;;;;;;;;;;;;;;;;;;; 1 ; 28 ;;; 3 ; 119 ; 1 ; 84 ; 2 ; 316 
Actinopteri;Blenniiformes;Blenniidae;Parablennius_incognitus_P_sanguinolentus;Poissons Méditerranée 2022; 1 ; 690 ; 1 ; 170 ;;;;; 3 ; 482 ;;; 2 ; 1 283 ; 1 ; 328 ;;; 2 ; 83 ;;; 3 ; 576 ; 3 ; 2 620 ; 3 ; 1 378 ; 1 ; 623 ; 5 ; 506 ; 1 ; 318 ;;;;;;; 6 ; 4 135 ; 4 ; 937 ; 1 ; 37 ; 1 ; 19 ; 1 ; 683 ; 2 ; 661 ; 6 ; 639 ; 5 ; 159 ; 6 ; 329 ; 2 ; 565 ; 7 ; 2 385 
Actinopteri;Blenniiformes;Blenniidae;Salaria pavo;Poissons Méditerranée 2022; 2 ; 1 239 ; 1 ; 138 ;;; 1 ; 5 594 ; 1 ; 57 ;;; 2 ; 978 ; 2 ; 1 548 ; 1 ; 443 ;;;;; 2 ; 781 ; 1 ; 705 ;;; 1 ; 69 ; 3 ; 189 ;;; 1 ; 17 ;;;;;;;;; 4 ; 62 ; 1 ; 16 ; 8 ; 3 148 ; 7 ; 1 915 ; 6 ; 457 ; 8 ; 495 ; 10 ; 1 468 ; 10 ; 3 394 ; 10 ; 5 960 
Actinopteri;Blenniiformes;Gobiesocidae;Lepadogaster candolii;Poissons Méditerranée 2022;;;;;;;;;;;;;;;;;;;;;;;;;;;;; 2 ; 133 ;;;;;;;;;;;;;;;;;;; 1 ; 165 ;;;;;;;;;;; 1 ; 78 
Actinopteri;Blenniiformes;Gobiesocidae;Lepadogaster lepadogaster;Poissons Méditerranée 2022;;;;;;;;;;;;;;;;;;;;;;;;;;;;;;;;;;;;;;;;;;;;;;;;; 1 ; 115 ;;;;;;;;;;;;
Actinopteri;Blenniiformes;Tripterygiidae;Tripterygion delaisi;Poissons Méditerranée 2022;;;;;;;;; 1 ; 47 ;;;;; 1 ; 234 ; 1 ; 1 169 ;;;;; 1 ; 122 ;;;;;;;;;;;;;;;;;;; 1 ; 764 ;;;;;;;;;;;;;;;;;;
Actinopteri;Blenniiformes;Tripterygiidae;Tripterygion melanurum;GB_247;;;;;;;;; 3 ; 260 ; 1 ; 771 ; 1 ; 387 ;;;;;;;;; 1 ; 206 ;;; 1 ; 104 ;;;;;;;;;;;;;;; 1 ; 106 ;;;;;;;;;;;;;;;;;;
Actinopteri;Blenniiformes;Tripterygiidae;Tripterygion tripteronotum;Poissons Méditerranée 2022;;; 1 ; 29 ;;;;; 6 ; 236 ;;;;;;;;;;; 4 ; 133 ; 8 ; 645 ; 5 ; 368 ; 4 ; 306 ; 7 ; 605 ;;; 1 ; 32 ;;;;;;; 1 ; 174 ; 2 ; 34 ;;;;;;;;;;;;;;;;;;
Actinopteri;Carangiformes;Carangidae;Seriola dumerili;Poissons Méditerranée 2022;;;;;;;;;;;;;;; 1 ; 84 ;;;;;;;;;;;;;;;;;;;;; 1 ; 13 ;;;;;;; 9 ; 1 016 ; 9 ; 283 ;;;;;;;;;;;;;;
Actinopteri;Carangiformes;Carangidae;Trachinotus ovatus;Poissons Méditerranée 2022;;;;;;;;;;;;;;;;;;;;;;;;;;;;;;;;;;;;;;;;;;;;;;;;;;;;;;;;;;; 1 ; 19 ;;
Actinopteri;Carangiformes;Carangidae;Trachurus picturatus;Poissons Méditerranée 2022;;;;;;;;;;;;;;;;;;;;;;;;;;; 1 ; 46 ; 1 ; 115 ;;;;;;;;;;;;;;;;;;;;;;;;;;;;;;;;
Actinopteri;Carangiformes;Carangidae;Trachurus sp.;Poissons Méditerranée 2022;;; 2 ; 212 ; 1 ; 965 ;;; 1 ; 65 ;;; 1 ; 123 ; 6 ; 968 ; 6 ; 3 646 ; 11 ; 600 ; 7 ; 485 ; 12 ; 54 429 ; 12 ; 27 526 ; 10 ; 5 030 ; 11 ; 4 124 ; 10 ; 1 947 ; 3 ; 1 230 ; 11 ; 2 578 ; 1 ; 101 ; 1 ; 4 280 ; 1 ; 809 ;;; 12 ; 9 240 ; 12 ; 10 266 ; 12 ; 325 846 ; 12 ; 269 885 ; 12 ; 4 940 ; 12 ; 1 554 ; 12 ; 4 516 ; 11 ; 16 369 ; 12 ; 13 272 
Actinopteri;Clupeiformes;Clupeidae;Alosa sp.;Poissons Méditerranée 2022;;;;;;;;;;;;;;;;;;;;;;;;;;;;;;;;;;;;;;;;;;;;; 5 ; 371 ;;;;;;; 12 ; 10 210 ; 12 ; 1 751 ; 12 ; 5 198 ; 3 ; 786 ; 1 ; 117 
Actinopteri;Clupeiformes;Clupeidae;Sardina pilchardus;Poissons Méditerranée 2022; 8 ; 5 273 ; 12 ; 50 897 ;;;;; 2 ; 133 ; 3 ; 1 680 ; 8 ; 2 774 ; 12 ; 14 453 ; 12 ; 35 612 ; 12 ; 1 204 ; 12 ; 1 889 ; 4 ; 565 ; 6 ; 886 ;;; 3 ; 305 ; 11 ; 2 486 ; 6 ; 2 434 ; 12 ; 2 341 ; 4 ; 612 ;;; 2 ; 603 ; 3 ; 438 ; 12 ; 3 721 ; 12 ; 1 495 ; 12 ; 37 992 ; 12 ; 25 190 ; 12 ; 5 640 ; 12 ; 4 641 ; 12 ; 4 124 ; 11 ; 30 009 ; 12 ; 41 423 
Actinopteri;Clupeiformes;Clupeidae;Sardinella aurita;Poissons Méditerranée 2022;;; 10 ; 2 826 ;;;;; 2 ; 233 ;;; 3 ; 750 ;;;;; 12 ; 2 420 ; 12 ; 8 688 ; 4 ; 399 ; 5 ; 1 455 ; 12 ; 2 885 ; 8 ; 5 583 ; 8 ; 850 ; 1 ; 60 ; 9 ; 730 ; 2 ; 286 ;;;;; 2 ; 50 ; 6 ; 248 ; 4 ; 114 ;;;;; 1 ; 34 ;;;;; 11 ; 14 076 ; 12 ; 11 567 
Actinopteri;Clupeiformes;Clupeidae;Sprattus sprattus;Poissons Méditerranée 2022;;;;;;;;;;;;;;;;;;;;;;;;;;;;;;; 3 ; 99 ;;;;;;;;;;;;;;;;; 8 ; 612 ; 7 ; 760 ; 2 ; 91 ;;; 1 ; 52 ;;;;
Actinopteri;Clupeiformes;Engraulidae;Engraulis encrasicolus;GB_247;;;;;;;;;;;;; 2 ; 765 ;;;;;;;;; 2 ; 237 ;;; 6 ; 695 ; 6 ; 1 170 ; 2 ; 54 ;;;;; 1 ; 35 ;;;;;;; 1 ; 30 ; 1 ; 15 ; 1 ; 54 ;;;;;;; 2 ; 69 ;;;;
Actinopteri;Clupeiformes;Engraulidae;Engraulis encrasicolus;Poissons Méditerranée 2022; 4 ; 1 076 ; 4 ; 556 ;;;;; 5 ; 402 ;;; 10 ; 1 976 ; 4 ; 856 ; 5 ; 3 177 ; 6 ; 206 ; 8 ; 346 ; 11 ; 1 150 ; 7 ; 2 739 ; 1 ; 71 ; 3 ; 702 ; 11 ; 1 358 ; 5 ; 1 103 ; 8 ; 1 269 ; 7 ; 848 ;;;;; 2 ; 88 ; 4 ; 141 ;;; 3 ; 473 ;;; 9 ; 1 024 ; 9 ; 759 ; 9 ; 554 ; 2 ; 47 ; 2 ; 178 
Actinopteri;Clupeiformes;Engraulidae;Engraulis sp.;GB_247;;;;;;;;;;;;;;;;;;;;;;; 1 ; 184 ;;;;;;;;;;;;;;;;;;;;;;;;;;;;;;;;;;;;;;
Actinopteri;Cypriniformes;Cyprinidae;Cyprininae;GB_247;;;;;;;;;;;;;;;;;;;;;;;;;;;;;;;;;;;;;;;;;;;;;;;;;;;;;;;;;;; 1 ; 11 ; 1 ; 11 
Actinopteri;Cypriniformes;Leuciscidae;Leuciscinae;GB_247;;;;;;;;;;;;;;;;; 1 ; 253 ;;;;;;;;;;;;;;;;;;;;;;;;;;;;;;;;;;;;; 1 ; 15 ;;; 1 ; 57 ; 1 ; 636 
Actinopteri;Cypriniformes;Leuciscidae;Rutilus rutilus;GB_247;;;;;;;;;;;;; 1 ; 38 ;;;;;;;;;;;;;;;;;;;;;;;;;;;;;;;;;;;;;;; 1 ; 20 ;;;;;;;;
Actinopteri;Cyprinodontiformes;Poeciliidae;Gambusia holbrooki;GB_247;;;;;;;;;;;;;;;;;;;;;;;;;;;;;;;;;;;;;;;;; 10 ; 6 937 ; 11 ; 6 324 ;;;;;;;;;;;;; 1 ; 40 ;;;;
Actinopteri;Gadiformes;Gadidae;Gadidae;Poissons Méditerranée 2022;;;;;;;;;;;;;;;;;;;;;;;;;;;;;;;;;;;;; 2 ; 86 ;;;;;;;;;;;;;;;;;;;;;;;;
Actinopteri;Gadiformes;Gadidae;Trisopterus capelanus;Poissons Méditerranée 2022;;;;;;;;;;;;;;;;;;;;;;;;;;;;;;;;;;;;;;;;;;;;;;;;;;; 1 ; 56 ; 1 ; 63 ;;;;;;;;
Actinopteri;Gadiformes;Gaidropsaridae;Gaidropsarus mediterraneus;Poissons Méditerranée 2022;;;;;;;;;;;;;;;;;;;;; 1 ; 27 ;;;;;;;;;;;;;;;;;;;;;;;;;;;;;;;;;;;;;;;;
Actinopteri;Gadiformes;Merlucciidae;Merluccius merluccius;Poissons Méditerranée 2022;;;;;;;;;;;;;;;;;;;;;;;;;;;;;;;;;;;;;;;;;;;;; 1 ; 13 ;;; 4 ; 273 ; 3 ; 112 ;;;;;;;;;;
Actinopteri;Gobiiformes;Gobiidae;Aphia minuta;GB_247;;;;;;;;;;;;;;;;;;;;;;;;;;;;;;;;;;;;;;;;;;;;;;;;;;; 2 ; 165 ; 5 ; 242 ; 12 ; 2 489 ; 5 ; 129 ;;;;
Actinopteri;Gobiiformes;Gobiidae;Gammogobius steinitzi;GB_247;;;;;;;;;;;;;;;;; 1 ; 1 446 ;;;;;;;;;;;;;;;;;;;;;;;;;;;;;;;;;;;;;;;;;;;;
Actinopteri;Gobiiformes;Gobiidae;Gobius ater;Poissons Méditerranée 2022; 1 ; 140 ;;;;;;;;;;;;; 1 ; 23 ;;;;; 2 ; 57 ; 1 ; 59 ;;;;;;; 3 ; 67 ;;;;;;;;; 1 ; 16 ;;;;;;;;;;; 1 ; 13 ;;; 1 ; 13 ; 2 ; 82 ; 1 ; 67 
Actinopteri;Gobiiformes;Gobiidae;Gobius bucchichi;Poissons Méditerranée 2022; 1 ; 311 ; 1 ; 375 ;;;;; 2 ; 28 ; 1 ; 42 ; 1 ; 21 ;;;;; 1 ; 22 ; 5 ; 173 ; 2 ; 252 ; 1 ; 19 ; 5 ; 576 ; 4 ; 115 ;;;;;;;;;;;;; 2 ; 40 ;;; 1 ; 20 ; 1 ; 160 ; 1 ; 36 ;;;;;;;;;;
Actinopteri;Gobiiformes;Gobiidae;Gobius cobitis;Poissons Méditerranée 2022; 1 ; 71 ;;;;;;;;;;;;;;;;;;; 1 ; 28 ; 1 ; 29 ;;;;;;; 10 ; 315 ; 6 ; 459 ; 3 ; 131 ; 1 ; 34 ;;; 3 ; 469 ; 2 ; 46 ;;;;;;;;; 7 ; 197 ; 1 ; 11 ; 5 ; 247 ; 3 ; 154 ; 6 ; 865 
Actinopteri;Gobiiformes;Gobiidae;Gobius cruentatus;Poissons Méditerranée 2022;;;;;;;;; 2 ; 289 ;;; 1 ; 16 ; 4 ; 1 792 ; 3 ; 4 596 ; 10 ; 569 ; 9 ; 2 247 ; 8 ; 2 120 ; 5 ; 1 703 ; 3 ; 613 ; 1 ; 370 ; 5 ; 346 ; 9 ; 3 976 ; 2 ; 133 ; 9 ; 3 006 ;;; 3 ; 3 422 ; 4 ; 1 756 ; 1 ; 25 ; 4 ; 80 ; 2 ; 887 ; 2 ; 471 ;;;;;;;;;;
Actinopteri;Gobiiformes;Gobiidae;Gobius niger;Poissons Méditerranée 2022; 11 ; 18 753 ; 12 ; 12 487 ; 7 ; 83 111 ; 7 ; 43 437 ; 12 ; 3 041 ; 10 ; 26 964 ; 12 ; 20 771 ; 12 ; 69 577 ; 12 ; 111 480 ; 12 ; 3 537 ; 12 ; 6 668 ; 12 ; 32 619 ; 12 ; 30 726 ; 12 ; 20 741 ; 12 ; 22 513 ; 12 ; 2 861 ; 6 ; 2 999 ; 12 ; 2 515 ; 12 ; 24 299 ; 5 ; 14 779 ; 12 ; 71 781 ; 12 ; 57 126 ; 6 ; 406 ; 11 ; 521 ; 2 ; 2 024 ; 2 ; 788 ; 12 ; 5 671 ; 12 ; 6 482 ; 12 ; 7 920 ; 11 ; 12 967 ; 12 ; 17 835 
Actinopteri;Gobiiformes;Gobiidae;Gobius xanthocephalus;GB_247;;; 1 ; 167 ;;;;; 2 ; 152 ;;;;; 3 ; 409 ;;; 1 ; 23 ; 1 ; 12 ; 2 ; 102 ; 4 ; 105 ; 1 ; 251 ; 2 ; 39 ; 3 ; 126 ; 1 ; 521 ;;; 3 ; 113 ;;; 1 ; 42 ; 3 ; 52 ; 1 ; 17 ;;; 1 ; 209 ;;;;;;;;;;;;
Actinopteri;Gobiiformes;Gobiidae;Millerigobius macrocephalus;GB_247;;;;;;;;; 6 ; 150 ; 1 ; 744 ;;; 1 ; 141 ; 1 ; 54 ;;; 3 ; 57 ; 2 ; 103 ; 4 ; 274 ; 2 ; 293 ;;;;;;;;; 3 ; 264 ;;;;; 1 ; 108 ;;; 1 ; 16 ;;;;;;;;;;;;;;
Actinopteri;Gobiiformes;Gobiidae;Odondebuenia balearica;GB_247;;;;;;;;;;;;;;;;;;;;;;;;;;;;;;;;;;;;; 1 ; 133 ;;;;;;;;;;;;;;;;;;;;;;;;
Actinopteri;Gobiiformes;Gobiidae;Pomatoschistus microps;GB_247;;;;;;;;;;;;;;;;;;;;;;;;;;;;;;;;;;;;;;;;;;;;;;;;;;;;; 3 ; 168 ; 5 ; 172 ; 7 ; 433 ; 3 ; 368 ; 5 ; 508 
Actinopteri;Gobiiformes;Gobiidae;Pomatoschistus minutus;Poissons Méditerranée 2022; 6 ; 3 334 ; 12 ; 24 978 ;;; 5 ; 9 403 ;;;;;;;;;;;;;;;;;;;;;;; 3 ; 98 ;;; 1 ; 174 ;;;;;;;;;;;;;;;;; 12 ; 4 685 ; 12 ; 2 858 ; 12 ; 4 204 ; 10 ; 4 507 ; 11 ; 6 234 
Actinopteri;Gobiiformes;Gobiidae;Zebrus zebrus;GB_247;;;;;;;;; 2 ; 149 ;;;;;;;;; 2 ; 49 ; 1 ; 13 ;;;;;;;;;;;;;;;;;;;;;;;;;;;;;;;;;;;;;;;;
Actinopteri;Gobiiformes;Gobiidae;Zosterisessor ophiocephalus;Poissons Méditerranée 2022;;; 3 ; 134 ; 1 ; 28 ; 2 ; 2 193 ;;;;;;;;;;;;; 1 ; 34 ; 5 ; 351 ; 5 ; 600 ;;;;; 4 ; 405 ; 4 ; 383 ; 3 ; 209 ;;;;;;;;;;;;;;;;;;;;;;;;;;
Actinopteri;Istiophoriformes;Xiphiidae;Xiphias gladius;Poissons Méditerranée 2022;;;;;;;;; 1 ; 80 ;;;;;;;;; 1 ; 41 ;;;;;;;;;;;;;;;;; 6 ; 2 218 ; 10 ; 36 831 ;;;;; 4 ; 134 ; 3 ; 61 ;;;;;;;;;;;;;;
Actinopteri;Kurtiformes;Apogonidae;Apogon imberbis;Poissons Méditerranée 2022;;;;;;;;;;;;;;; 1 ; 242 ; 1 ; 503 ; 1 ; 21 ; 3 ; 188 ; 3 ; 403 ; 1 ; 464 ;;; 3 ; 1 592 ;;;;;;;;;;;;; 1 ; 148 ;;;;;;;;;;;;;;;;;;
Actinopteri;Labriformes;Labridae;Coris julis;Poissons Méditerranée 2022;;;;;;;;; 2 ; 113 ;;;;; 1 ; 36 ; 2 ; 1 026 ; 2 ; 68 ; 3 ; 69 ; 2 ; 165 ;;; 10 ; 4 909 ; 8 ; 3 284 ;;;;;;; 2 ; 392 ;;; 4 ; 890 ; 5 ; 761 ;;; 2 ; 31 ; 2 ; 330 ; 1 ; 429 ; 1 ; 42 ;;;;;;;;
Actinopteri;Labriformes;Labridae;Ctenolabrus rupestris;GB_247;;;;;;;;;;;;;;;;;;;;;;;;;;;;;;; 1 ; 34 ; 1 ; 175 ; 3 ; 237 ;;;;;;;;;;;;;;;;; 1 ; 87 ;;;;;;; 2 ; 721 
Actinopteri;Labriformes;Labridae;Labrus_merula_Labrus_viridis;Poissons Méditerranée 2022;;;;;;;;; 3 ; 139 ;;;;;;;;; 3 ; 69 ; 3 ; 184 ; 3 ; 329 ; 2 ; 577 ; 2 ; 203 ;;; 6 ; 169 ; 1 ; 230 ; 3 ; 134 ;;;;; 1 ; 207 ; 4 ; 397 ;;;;;;;;; 2 ; 80 ; 1 ; 28 ; 1 ; 45 ;;; 3 ; 950 
Actinopteri;Labriformes;Labridae;Symphodus bailloni;Poissons Méditerranée 2022;;;;;;;;;;;;;;;;;;;;;;;;;;;;;;; 6 ; 635 ; 1 ; 168 ; 2 ; 65 ;;;;;;;;;;;;;;;;; 3 ; 285 ; 1 ; 44 ; 1 ; 27 ; 4 ; 229 ; 6 ; 1 290 
Actinopteri;Labriformes;Labridae;Symphodus ocellatus;Poissons Méditerranée 2022;;;;;;;;; 1 ; 151 ;;;;; 2 ; 106 ; 1 ; 495 ; 4 ; 99 ; 1 ; 15 ; 1 ; 26 ;;; 10 ; 1 890 ; 6 ; 1 447 ;;;;;;; 1 ; 16 ;;; 4 ; 2 193 ; 6 ; 1 928 ;;;;;;;;;;;;;;;;;;
Actinopteri;Labriformes;Labridae;Symphodus sp.;Poissons Méditerranée 2022;;;;; 2 ; 35 575 ; 3 ; 4 463 ;;;;;;; 1 ; 118 ; 1 ; 753 ; 3 ; 63 ; 5 ; 519 ; 2 ; 204 ; 1 ; 970 ; 2 ; 1 141 ; 3 ; 620 ; 12 ; 1 649 ; 3 ; 643 ; 6 ; 572 ; 2 ; 47 ;;; 1 ; 622 ; 1 ; 33 ;;;;;;;;; 2 ; 70 ; 1 ; 33 ; 1 ; 80 ; 3 ; 1 010 ; 6 ; 1 546 
Actinopteri;Labriformes;Labridae;Symphodus tinca;Poissons Méditerranée 2022;;;;;;;;; 11 ; 1 941 ; 2 ; 1 058 ; 8 ; 1 462 ; 6 ; 1 397 ; 7 ; 3 940 ; 8 ; 391 ; 12 ; 1 029 ; 12 ; 2 867 ; 11 ; 7 347 ; 12 ; 8 265 ; 12 ; 9 746 ; 3 ; 141 ; 5 ; 2 179 ; 6 ; 415 ; 7 ; 654 ; 3 ; 4 952 ; 3 ; 825 ; 5 ; 1 175 ;;; 2 ; 26 ; 6 ; 931 ; 5 ; 1 515 ; 2 ; 82 ;;;;; 2 ; 222 ; 6 ; 1 669 
Actinopteri;Labriformes;Labridae;Thalassoma pavo;Poissons Méditerranée 2022;;;;;;;;; 1 ; 191 ;;;;;;; 1 ; 1 545 ;;;;;;;;;;;;;;;;;;;;;;; 1 ; 120 ;;;;;;;;;;;;;;;;;;;;
Actinopteri;Lophiiformes;Lophiidae;Lophius budegassa;Poissons Méditerranée 2022;;;;;;;;;;;;;;;;;;;;;;;;;;;;;;;;; 1 ; 428 ; 3 ; 165 ;;;;;;;;; 12 ; 144 993 ; 12 ; 175 351 ; 2 ; 318 ; 5 ; 1 009 ;;;;;;;;;;
Actinopteri;Lophiiformes;Lophiidae;Lophius piscatorius;Poissons Méditerranée 2022;;;;;;;;;;;;;;;;;;;;;;;;;;;;;;;;;;;;;;;;; 1 ; 102 ;;; 12 ; 51 269 ; 12 ; 65 659 ; 7 ; 2 385 ; 7 ; 1 926 ;;;;;;;;;;
Actinopteri;Lutjaniformes;Haemulidae;Pomadasys incisus;Poissons Méditerranée 2022;;;;;;;;;;;;;;;;;;;;;;;;;;;;;;;;;;;;;;;;;;;;;;;;;;;;;;;;;;; 1 ; 16 ;;
Actinopteri;Mugiliformes;Mugilidae;Chelon auratus;Poissons Méditerranée 2022; 12 ; 31 088 ; 12 ; 40 589 ; 6 ; 32 653 ; 6 ; 11 509 ; 10 ; 1 042 ; 7 ; 5 539 ; 12 ; 11 698 ; 11 ; 14 569 ; 12 ; 21 366 ; 12 ; 2 428 ; 12 ; 6 733 ; 11 ; 2 723 ; 10 ; 4 325 ; 8 ; 2 731 ; 10 ; 4 969 ; 12 ; 26 147 ; 12 ; 22 206 ; 12 ; 20 246 ; 8 ; 859 ;;; 11 ; 9 479 ; 12 ; 7 948 ; 9 ; 370 ; 10 ; 486 ; 7 ; 2 849 ; 4 ; 466 ; 12 ; 16 121 ; 12 ; 4 598 ; 12 ; 12 740 ; 10 ; 11 011 ; 12 ; 18 469 
Actinopteri;Mugiliformes;Mugilidae;Chelon labrosus;Poissons Méditerranée 2022; 12 ; 4 770 ; 12 ; 5 607 ; 8 ; 4 831 ; 4 ; 2 378 ; 12 ; 2 855 ; 10 ; 6 925 ; 12 ; 7 159 ; 12 ; 18 196 ; 12 ; 36 239 ; 12 ; 607 ; 12 ; 1 559 ; 12 ; 4 395 ; 12 ; 5 457 ; 12 ; 2 392 ; 12 ; 1 318 ; 12 ; 3 156 ; 9 ; 802 ; 9 ; 356 ; 12 ; 4 106 ; 7 ; 1 453 ; 12 ; 6 074 ; 12 ; 6 266 ; 12 ; 496 ; 10 ; 242 ; 12 ; 10 308 ; 12 ; 4 954 ; 12 ; 17 529 ; 12 ; 4 633 ; 12 ; 15 907 ; 11 ; 26 076 ; 12 ; 34 068 
Actinopteri;Mugiliformes;Mugilidae;Chelon ramada;Poissons Méditerranée 2022; 9 ; 6 532 ; 12 ; 8 625 ; 2 ; 10 751 ; 2 ; 1 363 ; 4 ; 232 ;;; 9 ; 1 733 ; 11 ; 16 536 ; 12 ; 49 675 ; 12 ; 2 011 ; 12 ; 5 774 ; 12 ; 4 701 ; 12 ; 4 296 ; 8 ; 1 621 ; 7 ; 981 ; 12 ; 87 573 ; 12 ; 52 570 ; 12 ; 24 546 ; 12 ; 22 371 ; 8 ; 7 605 ; 5 ; 1 855 ; 6 ; 1 062 ; 12 ; 171 968 ; 12 ; 252 498 ; 8 ; 3 190 ; 9 ; 2 377 ; 12 ; 139 927 ; 12 ; 296 090 ; 12 ; 228 234 ; 11 ; 11 855 ; 12 ; 17 712 
Actinopteri;Mugiliformes;Mugilidae;Mugil sp.;GB_247;;;;;;;;;;;;;;;;;;; 2 ; 53 ; 1 ; 39 ; 2 ; 162 ; 1 ; 172 ;;;;; 11 ; 1 814 ; 4 ; 1 425 ; 6 ; 786 ;;;;;;;;;;;;;;; 1 ; 317 ; 12 ; 42 601 ; 12 ; 68 297 ; 12 ; 74 406 ; 11 ; 43 336 ; 12 ; 39 113 
Actinopteri;Mugiliformes;Mugilidae;Oedalechilus labeo;Poissons Méditerranée 2022;;;;;;;;; 1 ; 62 ;;; 2 ; 295 ;;;;; 4 ; 87 ; 7 ; 452 ; 6 ; 479 ;;; 4 ; 951 ; 4 ; 1 428 ;;;;;;; 7 ; 516 ;;; 4 ; 947 ; 4 ; 460 ;;;;;;;;;;;;;;;;;;
Actinopteri;Myctophiformes;Myctophidae;Myctophum punctatum;Poissons Méditerranée 2022;;;;;;;;; 1 ; 61 ;;; 1 ; 776 ; 1 ; 441 ;;;;;;;;;;;;;;;;;;;;;;;;;;; 1 ; 199 ;;;;;;;;;;;;;;;;;;
Actinopteri;Perciformes;Percidae;Sander sp.;GB_247;;;;;;;;;;;;;;;;;;;;;;;;;;;;;;;;;;;;;;;;;;;;;;;;;;;;; 1 ; 109 ;;; 1 ; 44 ;;;;
Actinopteri;Perciformes;Scorpaenidae;Scorpaena notata;Poissons Méditerranée 2022;;;;;;;;;;;;; 1 ; 68 ;;;;;;;;;;;;; 1 ; 226 ;;;;;;;;;;;;;;;;;;;;; 3 ; 643 ; 4 ; 237 ;;;;;;; 6 ; 931 ; 1 ; 185 
Actinopteri;Perciformes;Scorpaenidae;Scorpaena porcus;Poissons Méditerranée 2022;;; 1 ; 398 ;;;;; 1 ; 34 ;;; 1 ; 126 ; 3 ; 738 ; 1 ; 545 ; 7 ; 233 ; 8 ; 900 ; 3 ; 207 ; 5 ; 1 436 ; 4 ; 718 ; 3 ; 1 717 ; 9 ; 957 ; 1 ; 359 ;;;;;;;;; 2 ; 403 ; 4 ; 330 ; 3 ; 52 ; 4 ; 584 ;;; 4 ; 306 ; 5 ; 183 ; 5 ; 203 ; 7 ; 2 217 ; 3 ; 727 
Actinopteri;Perciformes;Scorpaenidae;Scorpaena scrofa;Poissons Méditerranée 2022;;;;;;;;;;;;;;; 1 ; 138 ;;;;;;;;; 1 ; 83 ;;;;;;;;;;; 3 ; 281 ;;; 1 ; 178 ;;;;;;;;;;;;;;;;;;;;
Actinopteri;Perciformes;Serranidae;Anthias anthias;Poissons Méditerranée 2022;;;;;;;;;;;;;;;;;;;;; 2 ; 59 ;;;;;;; 1 ; 442 ;;;;;;;;;;;;;;;;;;;;;;;;;;;;;;;;
Actinopteri;Perciformes;Serranidae;Epinephelus marginatus;Poissons Méditerranée 2022;;;;;;;;; 1 ; 55 ;;;;;;;;; 3 ; 101 ; 1 ; 76 ; 2 ; 283 ; 3 ; 445 ;;;;;;;;; 1 ; 12 ;;;;;;; 1 ; 209 ;;;;;;;;;;;;;;;;;;
Actinopteri;Perciformes;Serranidae;Serranus cabrilla;Poissons Méditerranée 2022;;;;;;;;;;;;;;;;;;;;; 1 ; 54 ;;;;; 2 ; 449 ; 2 ; 172 ; 3 ; 157 ; 2 ; 362 ;;;;;;;;;;;;;;;;; 4 ; 319 ;;;;;;; 2 ; 245 ;;
Actinopteri;Perciformes;Serranidae;Serranus hepatus;Poissons Méditerranée 2022;;;;;;;;;;;;;;;;;;;;;;;;;;;;;;;;;;; 1 ; 17 ;;;;;;;;;;;;; 4 ; 665 ; 1 ; 36 ; 4 ; 81 ;;; 1 ; 73 ;;;;
Actinopteri;Perciformes;Serranidae;Serranus scriba;Poissons Méditerranée 2022;;;;;;;;; 3 ; 276 ; 1 ; 350 ; 2 ; 127 ; 7 ; 1 409 ; 2 ; 748 ; 3 ; 78 ; 4 ; 128 ; 3 ; 164 ;;; 1 ; 107 ; 1 ; 94 ;;;;; 2 ; 83 ; 1 ; 162 ;;;;; 2 ; 52 ;;;;;;;;;;;;;;;;;;
Actinopteri;Perciformes;Triglidae;C. lucerna_L. dieuzeidei;Poissons Méditerranée 2022;;; 1 ; 91 ;;;;;;;;;;;;;;;;;;;;;;;;;;; 3 ; 65 ;;; 1 ; 43 ;;;;;;;;; 2 ; 38 ;;; 1 ; 42 ;;;;; 3 ; 93 ; 1 ; 206 ; 1 ; 158 ; 3 ; 619 
Actinopteri;Perciformes;Triglidae;C. obscurus_T. lastoviza;Poissons Méditerranée 2022;;;;;;;;;;;;;;;;;;;;;;;;;;;;;;;;;;;;;;;;;;;;;;;;; 1 ; 553 ;;;;;;;;; 8 ; 1 865 ; 7 ; 1 168 
Actinopteri;Perciformes;Triglidae;E. gurnardus_T. lyra;Poissons Méditerranée 2022;;;;;;;;;;;;;;;;;;;;;;;;;;;;;;;;;;;;;;;;;;;;; 1 ; 18 ;;; 1 ; 107 ; 1 ; 253 ;;;;;;;;;;
Actinopteri;Pleuronectiformes;Bothidae;Arnoglossus laterna;Poissons Méditerranée 2022;;;;;;;;;;;;;;;;;;;;;;;;;;;;;;; 2 ; 56 ;;;;;;;;;;;;;;;;; 1 ; 160 ; 1 ; 39 ; 3 ; 194 ;;; 1 ; 25 ; 2 ; 114 ; 2 ; 300 
Actinopteri;Pleuronectiformes;Pleuronectidae;Pleuronectidae;GB_247;;;;;;;;;;;;;;;;;;;;;;;;;;;;;;;;;;;;;;;;;;;;;;;;;;;;;;;;;;; 3 ; 697 ; 2 ; 261 
Actinopteri;Pleuronectiformes;Scophthalmidae;Scophthalmus rhombus;Poissons Méditerranée 2022;;;;;;;;;;;;;;;;;;;;;;;;;;;;;;; 2 ; 24 ;;; 3 ; 77 ;;;;;;;;;;;;;;;;;;; 1 ; 19 ; 3 ; 46 ; 4 ; 311 ; 3 ; 281 
Actinopteri;Pleuronectiformes;Soleidae;Pegusa nasuta;Poissons Méditerranée 2022;;;;;;;;;;;;;;;;;;;;;;;;;;;;;;; 5 ; 180 ; 1 ; 120 ; 1 ; 22 ;;;;;;;;;;;;;;;;;;;;;;; 11 ; 62 296 ; 12 ; 14 527 
Actinopteri;Pleuronectiformes;Soleidae;Solea senegalensis;Poissons Méditerranée 2022; 2 ; 434 ;;;;;;;;;;;;;;;;;;;;;;;;;;;;; 2 ; 45 ; 1 ; 334 ; 1 ; 21 ;;;;;;;;;;;;;;;;; 8 ; 269 ; 4 ; 85 ; 8 ; 553 ; 10 ; 5 304 ; 12 ; 3 364 
Actinopteri;Pleuronectiformes;Soleidae;Solea solea;Poissons Méditerranée 2022;;;;;;;;;;;;;;;;;;;;;;;;;;;;;;; 12 ; 22 094 ; 5 ; 1 524 ;;;;;;;;;;; 1 ; 176 ;;;;;;; 5 ; 145 ; 3 ; 46 ; 5 ; 151 ; 10 ; 3 193 ; 9 ; 725 
Actinopteri;Salmoniformes;Salmonidae;Salmo salar;GB_247;;;;;;;;; 1 ; 49 ;;;;; 11 ; 2 701 ; 6 ; 2 752 ;;; 1 ; 26 ;;;;;;;;;;;;;;;;;;;;; 1 ; 12 ;;;;;;;;;;;;;;;;;;
Actinopteri;Scombriformes;Pomatomidae;Pomatomus saltatrix;GB_247; 1 ; 96 ; 1 ; 15 ;;;;; 1 ; 22 ; 2 ; 370 ; 2 ; 127 ; 3 ; 259 ; 4 ; 99 ;;; 2 ; 57 ;;; 1 ; 121 ;;;;; 1 ; 19 ;;;;;;; 1 ; 107 ;;; 3 ; 187 ;;;;;;;;;;;;;;; 4 ; 200 ; 5 ; 420 
Actinopteri;Scombriformes;Scombridae;Auxis sp.;GB_247;;;;;;;;;;;;;;;;;;; 10 ; 416 ; 11 ; 757 ;;;;;;;;;;;;;;;;;;;;;;;;;;;;;;;;;;;;;;;;
Actinopteri;Scombriformes;Scombridae;Euthynnus alletteratus;GB_247;;;;;;;;;;;;;;;;;;;;;;;;;;;;; 1 ; 312 ;;;;;;;;;;;;;;; 12 ; 27 634 ; 12 ; 9 039 ;;;;;;;;;;;;;;
Actinopteri;Scombriformes;Scombridae;Sarda sarda;Poissons Méditerranée 2022; 2 ; 744 ; 4 ; 705 ;;;;;;;;;;;;;;;;;;;;; 1 ; 252 ;;;;;;;;;;;;;;;;; 1 ; 38 ; 12 ; 1 132 ; 12 ; 683 ;;;;;;;;;;;;;;
Actinopteri;Scombriformes;Scombridae;Scomber colias;Poissons Méditerranée 2022;;;;;;;;;;;;;;; 1 ; 278 ;;; 6 ; 192 ; 2 ; 363 ; 1 ; 33 ;;;;;;;;;;;;;;;;;;;;;;;;;;;;;;;;; 1 ; 83 ;;;;
Actinopteri;Scombriformes;Scombridae;Scomber scombrus;Poissons Méditerranée 2022;;;;;;;;;;;;;;;;;;;;;;;;;;;;;;; 5 ; 678 ; 1 ; 16 ; 1 ; 123 ;;;;;;; 1 ; 118 ; 5 ; 410 ; 6 ; 132 ; 12 ; 4 479 ; 12 ; 5 502 ; 9 ; 440 ; 2 ; 58 ; 4 ; 365 ; 11 ; 10 435 ; 12 ; 10 218 
Actinopteri;Scombriformes;Scombridae;Thunnus thynnus;Poissons Méditerranée 2022;;;;;;;;;;;;; 1 ; 34 ;;;;; 6 ; 192 ; 8 ; 247 ;;;;;;;;;;;;;;; 6 ; 491 ;;;;;;; 12 ; 2 435 ; 12 ; 623 ;;;;; 4 ; 521 ; 3 ; 70 ; 6 ; 199 ;;;;
Actinopteri;Siluriformes;Siluridae;Silurus glanis;GB_247;;;;;;;;;;;;;;;;;;;;;;;;;;;;;;;;;;;;;;;;;;;;;;;;;;;;;;;;;;; 1 ; 20 ;;
Actinopteri;Spariformes;Centracanthidae;Spicara maena;Poissons Méditerranée 2022;;;;;;;;;;;;;;; 4 ; 2 187 ; 1 ; 677 ; 1 ; 36 ; 7 ; 804 ;;;;; 6 ; 1 918 ; 2 ; 960 ;;;;;;; 2 ; 970 ;;; 1 ; 787 ;;;;;;;;;;;;;;;;;;;;
Actinopteri;Spariformes;Centracanthidae;Spicara_flexuosa_S_smaris;Poissons Méditerranée 2022;;; 1 ; 210 ;;;;;;;;; 1 ; 382 ;;;;;;;;;;;;;;;;; 3 ; 154 ; 1 ; 233 ;;;;;;;;;;; 1 ; 23 ;;; 10 ; 10 213 ; 12 ; 12 629 ; 1 ; 159 ;;;;;;;;
Actinopteri;Spariformes;Sparidae;B. boops_O. melanura;Poissons Méditerranée 2022;;; 6 ; 1 224 ;;; 1 ; 2 174 ; 12 ; 17 337 ; 4 ; 4 311 ; 8 ; 7 118 ; 8 ; 5 674 ; 6 ; 5 204 ; 12 ; 64 475 ; 12 ; 129 211 ; 12 ; 15 305 ; 12 ; 33 834 ; 12 ; 125 733 ; 12 ; 108 670 ; 12 ; 4 553 ; 8 ; 2 991 ; 12 ; 8 669 ; 12 ; 22 223 ; 6 ; 20 805 ; 7 ; 4 890 ; 11 ; 14 677 ; 12 ; 2 627 ; 12 ; 3 275 ; 12 ; 73 883 ; 12 ; 71 628 ; 11 ; 1 776 ; 6 ; 395 ; 6 ; 591 ; 5 ; 3 491 ; 4 ; 2 095 
Actinopteri;Spariformes;Sparidae;D. dentex_P. auriga_P. pagrus;Poissons Méditerranée 2022; 1 ; 1 152 ;;;;;;; 2 ; 145 ;;;;; 1 ; 275 ;;; 1 ; 19 ; 1 ; 44 ; 3 ; 712 ; 1 ; 109 ;;;;; 5 ; 173 ;;; 3 ; 140 ; 8 ; 794 ;;;;;;; 1 ; 40 ; 1 ; 12 ;;;;; 1 ; 29 ;;;;;;;;
Actinopteri;Spariformes;Sparidae;Diplodus annularis;Poissons Méditerranée 2022; 1 ; 348 ; 9 ; 1 223 ;;;;; 12 ; 9 153 ; 7 ; 8 576 ; 12 ; 14 516 ; 12 ; 18 619 ; 12 ; 42 604 ; 12 ; 3 339 ; 12 ; 9 205 ; 12 ; 31 919 ; 12 ; 27 509 ; 12 ; 14 553 ; 12 ; 17 347 ; 3 ; 297 ; 6 ; 1 269 ; 8 ; 309 ; 12 ; 15 446 ; 6 ; 5 987 ; 12 ; 27 251 ; 12 ; 35 087 ; 8 ; 327 ; 9 ; 312 ; 5 ; 1 513 ; 6 ; 956 ; 10 ; 1 178 ; 9 ; 506 ; 11 ; 1 533 ; 7 ; 621 ; 4 ; 567 
Actinopteri;Spariformes;Sparidae;Diplodus cervinus;Poissons Méditerranée 2022;;;;;;;;;;;;;;;;;;;;;;;;;;;;;;;;;;;;;;;;;;;;;;;;; 1 ; 168 ;;;;;;;;;;;;
Actinopteri;Spariformes;Sparidae;Diplodus puntazzo;Poissons Méditerranée 2022;;;;; 1 ; 4 782 ;;; 2 ; 114 ;;; 1 ; 53 ; 4 ; 442 ; 2 ; 836 ; 5 ; 298 ; 4 ; 311 ; 10 ; 2 601 ; 3 ; 631 ; 3 ; 963 ; 3 ; 1 509 ;;;;;;; 9 ; 3 707 ; 2 ; 1 292 ; 9 ; 8 828 ; 10 ; 5 351 ; 12 ; 3 797 ; 12 ; 3 790 ; 6 ; 657 ; 6 ; 1 510 ; 2 ; 308 ; 1 ; 21 ; 1 ; 34 ;;; 1 ; 341 
Actinopteri;Spariformes;Sparidae;Diplodus sargus;Poissons Méditerranée 2022; 11 ; 9 478 ; 12 ; 7 480 ; 6 ; 50 547 ; 6 ; 27 299 ; 12 ; 13 623 ; 9 ; 17 160 ; 12 ; 21 863 ; 12 ; 23 627 ; 12 ; 50 170 ; 12 ; 3 825 ; 12 ; 6 062 ; 12 ; 29 794 ; 12 ; 36 261 ; 12 ; 24 611 ; 12 ; 29 832 ; 12 ; 7 388 ; 12 ; 8 288 ; 12 ; 8 760 ; 11 ; 4 724 ; 1 ; 1 894 ; 11 ; 10 661 ; 12 ; 10 381 ; 12 ; 6 674 ; 12 ; 3 266 ; 12 ; 68 598 ; 12 ; 29 267 ; 12 ; 7 227 ; 12 ; 2 486 ; 12 ; 5 829 ; 11 ; 5 719 ; 12 ; 8 670 
Actinopteri;Spariformes;Sparidae;Diplodus vulgaris;Poissons Méditerranée 2022; 7 ; 3 672 ; 12 ; 6 850 ; 5 ; 41 585 ; 4 ; 4 988 ; 12 ; 3 546 ; 7 ; 12 080 ; 12 ; 5 511 ; 12 ; 11 373 ; 11 ; 18 070 ; 12 ; 5 513 ; 12 ; 12 704 ; 12 ; 48 425 ; 12 ; 59 575 ; 12 ; 20 170 ; 12 ; 30 181 ; 12 ; 5 511 ; 11 ; 6 621 ; 12 ; 5 629 ; 12 ; 13 483 ; 8 ; 20 263 ; 12 ; 53 737 ; 12 ; 65 517 ; 12 ; 2 661 ; 12 ; 1 278 ; 12 ; 7 652 ; 12 ; 4 035 ; 12 ; 1 542 ; 12 ; 1 186 ; 12 ; 2 801 ; 10 ; 3 720 ; 11 ; 7 381 
Actinopteri;Spariformes;Sparidae;Lithognathus mormyrus;Poissons Méditerranée 2022; 12 ; 29 091 ; 12 ; 42 933 ; 3 ; 35 852 ; 3 ; 3 926 ; 5 ; 304 ; 1 ; 2 268 ; 1 ; 347 ; 12 ; 6 213 ; 11 ; 12 944 ; 12 ; 2 118 ; 12 ; 4 499 ; 12 ; 14 255 ; 12 ; 11 072 ; 8 ; 1 566 ; 5 ; 623 ; 12 ; 10 261 ; 12 ; 14 182 ; 12 ; 9 999 ; 12 ; 3 022 ; 7 ; 10 631 ; 11 ; 10 045 ; 12 ; 10 126 ;;;;;;; 1 ; 253 ;;;;;;; 11 ; 19 344 ; 12 ; 16 807 
Actinopteri;Spariformes;Sparidae;Pagellus acarne;Poissons Méditerranée 2022;;; 1 ; 101 ;;;;;;;;;;; 1 ; 318 ; 2 ; 688 ; 7 ; 258 ; 8 ; 723 ;;;;; 3 ; 713 ; 2 ; 1 180 ; 7 ; 494 ; 4 ; 591 ; 4 ; 235 ; 9 ; 1 870 ; 2 ; 1 822 ; 3 ; 1 137 ; 8 ; 2 576 ; 12 ; 1 066 ; 12 ; 443 ; 6 ; 1 825 ; 10 ; 3 802 ; 3 ; 125 ; 6 ; 144 ; 2 ; 279 ; 7 ; 1 187 ; 8 ; 2 383 
Actinopteri;Spariformes;Sparidae;Pagellus bogaraveo;Poissons Méditerranée 2022; 3 ; 978 ; 4 ; 347 ;;;;; 3 ; 156 ;;; 3 ; 769 ; 6 ; 1 072 ; 2 ; 1 521 ; 10 ; 635 ; 10 ; 1 297 ; 9 ; 2 178 ; 3 ; 956 ; 4 ; 777 ; 4 ; 1 280 ;;;;; 1 ; 12 ; 10 ; 2 009 ;;; 1 ; 26 ; 2 ; 314 ; 9 ; 272 ; 6 ; 117 ; 12 ; 8 310 ; 12 ; 5 698 ;;;;;;;;; 1 ; 260 
Actinopteri;Spariformes;Sparidae;Pagellus erythrinus;Poissons Méditerranée 2022;;; 6 ; 365 ;;;;; 6 ; 772 ; 2 ; 1 024 ; 8 ; 2 071 ; 8 ; 1 703 ; 5 ; 1 739 ;;;;;;;;; 1 ; 429 ; 1 ; 42 ; 8 ; 446 ; 3 ; 624 ; 10 ; 985 ; 2 ; 349 ;;;;;;; 9 ; 459 ; 9 ; 229 ; 12 ; 10 843 ; 12 ; 5 909 ; 2 ; 87 ; 1 ; 27 ; 2 ; 117 ; 10 ; 4 367 ; 10 ; 3 956 
Actinopteri;Spariformes;Sparidae;Sarpa salpa;Poissons Méditerranée 2022; 10 ; 5 318 ; 12 ; 6 218 ; 3 ; 13 147 ; 4 ; 3 031 ; 12 ; 12 532 ; 8 ; 12 378 ; 12 ; 21 562 ; 12 ; 19 799 ; 12 ; 26 946 ; 12 ; 173 125 ; 12 ; 402 584 ; 12 ; 608 143 ; 12 ; 575 502 ; 12 ; 422 815 ; 12 ; 385 211 ; 11 ; 3 055 ; 9 ; 3 574 ; 12 ; 2 327 ; 12 ; 245 644 ; 12 ; 284 330 ; 12 ; 252 868 ; 12 ; 329 810 ; 12 ; 5 059 ;;; 12 ; 5 899 ; 11 ; 4 028 ; 11 ; 3 389 ;;; 12 ; 2 058 ; 11 ; 20 611 ; 12 ; 29 866 
Actinopteri;Spariformes;Sparidae;Sparidae;Poissons Méditerranée 2022;;;;;;;;;;;;;;;;;;;;;;;;;;;;;;;;;;;;;;;;;;;;;;; 1 ; 13 ;;;;;;;;;;;;;;
Actinopteri;Spariformes;Sparidae;Sparus aurata;Poissons Méditerranée 2022; 12 ; 50 935 ; 12 ; 64 027 ; 10 ; 144 373 ; 8 ; 31 245 ; 12 ; 3 343 ; 3 ; 1 363 ; 10 ; 8 589 ; 11 ; 10 484 ; 11 ; 14 691 ; 12 ; 6 078 ; 12 ; 13 492 ; 12 ; 28 040 ; 12 ; 28 087 ; 12 ; 27 121 ; 12 ; 31 718 ; 12 ; 19 460 ; 12 ; 18 977 ; 12 ; 21 633 ; 12 ; 28 102 ; 12 ; 40 442 ; 12 ; 57 033 ; 12 ; 67 654 ; 12 ; 17 215 ; 12 ; 7 125 ; 8 ; 2 993 ; 6 ; 1 396 ; 12 ; 49 537 ; 12 ; 11 720 ; 12 ; 33 388 ; 11 ; 368 567 ; 12 ; 350 901 
Actinopteri;Spariformes;Sparidae;Spondyliosoma cantharus;Poissons Méditerranée 2022;;;;;;;;; 2 ; 60 ;;; 1 ; 54 ;;;;;;;;;;;;; 1 ; 72 ; 1 ; 218 ; 1 ; 42 ;;; 1 ; 41 ;;;;;;;;;;;;; 1 ; 167 ; 4 ; 493 ;;;;;;;;; 1 ; 98 
Actinopteri;Syngnathiformes;Mullidae;Mullus barbatus;Poissons Méditerranée 2022; 9 ; 4 511 ; 12 ; 6 315 ;;;;; 12 ; 3 180 ; 7 ; 10 356 ; 12 ; 12 753 ; 11 ; 7 531 ; 12 ; 18 705 ; 11 ; 1 201 ; 12 ; 3 046 ; 12 ; 7 053 ; 12 ; 12 215 ; 12 ; 4 247 ; 11 ; 7 672 ; 12 ; 5 205 ; 11 ; 4 621 ; 12 ; 6 877 ; 12 ; 6 943 ; 9 ; 12 582 ; 3 ; 192 ; 6 ; 974 ; 11 ; 1 286 ; 11 ; 682 ; 12 ; 13 349 ; 12 ; 9 572 ; 12 ; 15 786 ; 12 ; 2 181 ; 12 ; 8 475 ; 11 ; 3 669 ; 12 ; 5 531 
Actinopteri;Syngnathiformes;Mullidae;Mullus surmuletus;Poissons Méditerranée 2022; 5 ; 1 438 ; 8 ; 634 ; 1 ; 12 824 ;;; 8 ; 264 ; 3 ; 220 ; 3 ; 249 ; 6 ; 329 ; 3 ; 222 ; 9 ; 505 ; 11 ; 948 ; 11 ; 1 076 ; 9 ; 1 117 ; 11 ; 1 917 ; 8 ; 1 701 ; 12 ; 1 289 ; 9 ; 1 293 ; 12 ; 1 046 ; 12 ; 1 956 ; 3 ; 1 370 ; 1 ; 115 ; 2 ; 242 ; 3 ; 73 ; 3 ; 74 ; 1 ; 61 ; 1 ; 69 ; 11 ; 1 766 ; 7 ; 351 ; 11 ; 1 050 ; 2 ; 38 ; 3 ; 108 
Actinopteri;Syngnathiformes;Syngnathidae;Syngnathus acus;Poissons Méditerranée 2022;;;;;;;;;;;;;;;;;;;;;;;;;;;;;;; 2 ; 51 ;;;;;;;;;;;;;;;;;;;;;;;;;;;;;;
Actinopteri;Syngnathiformes;Syngnathidae;Syngnathus sp.;Poissons Méditerranée 2022;;;;;;;;;;;;;;;;;;;;;;;;;;;;;;; 1 ; 18 ;;; 1 ; 18 ; 3 ; 165 ;;;;;;;;;;;;;;;;;;;;;;;;
Actinopteri;Tetraodontiformes;Balistidae;Balistes capriscus;Poissons Méditerranée 2022;;;;;;;;;;;;;;;;;;;;;;;;;;;;;;;;;;;;;;;;;;;;;;;;;;;;; 1 ; 67 ; 1 ; 35 ;;;;;;
Actinopteri;Tetraodontiformes;Molidae;Mola mola;Poissons Méditerranée 2022;;;;;;;;;;;;;;;;; 1 ; 77 ;;;;;;;;;;;;;;;;;;;;;;;;;;;;;;; 1 ; 99 ; 1 ; 137 ;;;;;;;;;;
Actinopteri;Uranoscopiformes;Uranoscopidae;Uranoscopus scaber;Poissons Méditerranée 2022;;;;;;;;;;;;;;; 1 ; 333 ;;;;;;;;;;;;;;;;;;;;;;;;;;;;;;;;;;;;;;;;;;;;;;
Actinopteri;Zeiformes;Zeidae;Zeus faber;GB_247;;;;;;;;;;;;;;;;;;;;;;;;;;;;;;;;;;;;;;;;;;;;; 3 ; 83 ; 3 ; 47 ;;;;;;;;;;;;;;
Actinopteri;(vide);Moronidae;Dicentrarchus labrax;GB_247; 12 ; 51 069 ; 12 ; 76 959 ; 9 ; 29 037 ; 5 ; 26 975 ; 12 ; 28 238 ; 10 ; 29 057 ; 12 ; 30 749 ; 12 ; 31 522 ; 12 ; 83 763 ; 12 ; 4 865 ; 12 ; 7 858 ; 12 ; 9 976 ; 12 ; 13 000 ; 10 ; 2 724 ; 11 ; 2 678 ; 12 ; 109 736 ; 12 ; 87 067 ; 12 ; 49 062 ; 12 ; 13 118 ; 9 ; 25 886 ; 11 ; 18 342 ; 12 ; 16 854 ; 12 ; 21 432 ; 12 ; 23 886 ; 12 ; 18 072 ; 12 ; 16 877 ; 12 ; 236 715 ; 12 ; 80 934 ; 12 ; 213 065 ; 11 ; 159 623 ; 12 ; 144 414 
Actinopteri;(vide);Moronidae;Dicentrarchus labrax;Poissons Méditerranée 2022;;; 1 ; 65 ;;;;; 7 ; 2 636 ;;; 4 ; 1 484 ; 2 ; 752 ; 3 ; 3 388 ; 1 ; 12 ; 1 ; 22 ; 8 ; 1 164 ;;;;;;;;;;;;;;;;; 1 ; 246 ; 1 ; 11 ;;;;;;;;; 10 ; 2 050 ; 4 ; 285 ; 9 ; 976 ;;; 1 ; 281 
Actinopteri;(vide);Pomacentridae;Chromis chromis;Poissons Méditerranée 2022;;;;;;;;; 12 ; 30 623 ; 2 ; 2 205 ; 10 ; 4 119 ; 10 ; 6 539 ; 8 ; 11 065 ; 9 ; 369 ; 9 ; 673 ; 4 ; 304 ; 6 ; 1 571 ; 7 ; 1 172 ; 7 ; 2 680 ;;;;;;; 1 ; 414 ;;; 1 ; 313 ; 1 ; 162 ;;; 1 ; 37 ; 1 ; 622 ; 2 ; 317 ;;;;;;;;;;
Actinopteri;(vide);Sciaenidae;Argyrosomus regius;Poissons Méditerranée 2022;;;;;;;;;;;;;;;;;;;;;;;;;;;;;;;;;;;;;;;;;;; 1 ; 14 ;;;;;;;;;;;;;;;;;;
Actinopteri;(vide);Sciaenidae;Sciaena umbra;Poissons Méditerranée 2022;;;;;;;;;;;;; 1 ; 159 ;;;;; 1 ; 12 ;;;;;;;;;;;;;;;;; 2 ; 177 ;;;;;;;;;;;;;;;;;;;;;;;;
Actinopteri;(vide);Sphyraenidae;Sphyraena sphyraena;Poissons Méditerranée 2022;;;;;;;;;;;;;;;;;;;;;;;;; 1 ; 231 ; 1 ; 26 ;;;;;;;;;;;;;;;;;;;;;;;;;;;;;;;;; 1 ; 29 
Actinopteri;(vide);Sphyraenidae;Sphyraena viridensis;Poissons Méditerranée 2022;;;;;;;;; 2 ; 57 ; 1 ; 43 ;;; 12 ; 3 007 ; 11 ; 2 519 ; 1 ; 12 ; 1 ; 18 ;;;;;;;;;;;;;;; 1 ; 20 ; 3 ; 1 599 ;;; 1 ; 68 ;;;;;;; 1 ; 13 ;;;;;;;;;;
Chondrichthyes;Carcharhiniformes;Triakidae;Mustelus mustelus;GB_247;;;;;;;;;;;;;;;;;;;;;;;;;;;;;;;;;;;;;;;;;;;;;;;;;;;;; 4 ; 151 ;;; 3 ; 77 ;;;;
Chondrichthyes;Hexanchiformes;Hexanchidae;Hexanchus griseus;Poissons Méditerranée 2022;;;;;;;;;;;;;;;;;;;;;;;;;;;;;;;;;;;;;;;;; 3 ; 106 ; 1 ; 146 ;;;;;;;;;;;;;;;;;;
Chondrichthyes;Rajiformes;Rajidae;Raja undulata;Poissons Méditerranée 2022;;;;;;;;;;;;;;;;;;;;;;;;;;;;;;;;;;;;;;;;;;;;;;;;;;; 1 ; 31 ;;;;;;;;;;
Chondrichthyes;Rajiformes;Rajidae;Raja_asterias_Raja_clavata;Poissons Méditerranée 2022; 2 ; 920 ; 3 ; 102 ;;;;;;;;;;; 1 ; 178 ;;;;;;;;;;;;;;; 12 ; 1 254 ; 2 ; 107 ; 4 ; 63 ;;;;; 1 ; 30 ;;; 3 ; 55 ; 1 ; 16 ;;;;; 1 ; 19 ; 1 ; 42 ;;; 11 ; 7 853 ; 11 ; 1 658 
Chondrichthyes;Torpediniformes;Torpedinidae;Tetronarce nobiliana;Poissons Méditerranée 2022;;; 2 ; 178 ;;;;; 1 ; 20 ;;;;;;;;;;;;;;;;;;;;;;;;;;;;;;;;;;;;;;;;;;; 1 ; 109 ;;;;;;;;
Chondrichthyes;Torpediniformes;Torpedinidae;Torpedo marmorata;Poissons Méditerranée 2022; 1 ; 496 ; 6 ; 646 ;;;;; 1 ; 101 ;;;;;;;;;;;;;;;;;;;;;;;;; 2 ; 59 ;;;;;;;;; 12 ; 10 025 ; 12 ; 4 754 ;;;;; 11 ; 542 ; 12 ; 1 867 ; 12 ; 1 275 ; 11 ; 12 137 ; 12 ; 7 908 
