project;;;;;; SC21250_CEFE_Ports ; SC21250_CEFE_Ports ; SC21250_CEFE_Ports ; SC21250_CEFE_Ports ; SC21250_CEFE_Ports ; SC21250_CEFE_Ports ; SC21250_CEFE_Ports ; SC21250_CEFE_Ports ; SC21250_CEFE_Ports ; SC21250_CEFE_Ports ; SC21250_CEFE_Ports ; SC21250_CEFE_Ports ; SC21250_CEFE_Ports ; SC21250_CEFE_Ports ; SC21250_CEFE_Ports ; SC21250_CEFE_Ports ; SC21250_CEFE_Ports ; SC21250_CEFE_Ports ; SC21250_CEFE_Ports ; SC21250_CEFE_Ports ; SC21250_CEFE_Ports ; SC21250_CEFE_Ports ; SC21250_CEFE_Ports ; SC21250_CEFE_Ports ; SC21250_CEFE_Ports ; SC21250_CEFE_Ports ; SC21250_CEFE_Ports ; SC21250_CEFE_Ports ; SC21250_CEFE_Ports ; SC21250_CEFE_Ports ; SC21250_CEFE_Ports 
station;;;;;; Agde Port ; Agde Port ; Agde Port ; Agde Port ; Cannes Biohut ; Cannes Port ; Cannes Port ; Cannes Port ; Cannes Port ; La Ciotat Port ; La Ciotat Port ; La Ciotat Port Zone 1 ; La Ciotat Port Zone 1 ; La Ciotat Port Zone 2 ; La Ciotat Port Zone 2 ; Marseillan Port ; Marseillan Port ; Marseillan Port ; Porquerolles Port  ; Porquerolles Port  ; Porquerolles Port  ; Porquerolles Port  ; Port Vendre Port ; Port Vendre Port ; Port Vendre Port ; Port Vendre Port ; SMM Port  ; SMM Port  ; SMM Port  ; SMM Port  ; SMM Port  
Campagne;;;;;; 1_Campagne hiver 2021 ; 1_Campagne hiver 2021 ; 2_Campagne été 2022 ; 2_Campagne été 2022 ; 1_Campagne hiver 2021 ; 1_Campagne hiver 2021 ; 1_Campagne hiver 2021 ; 2_Campagne été 2022 ; 2_Campagne été 2022 ; 1_Campagne hiver 2021 ; 1_Campagne hiver 2021 ; 2_Campagne été 2022 ; 2_Campagne été 2022 ; 2_Campagne été 2022 ; 2_Campagne été 2022 ; 1_Campagne hiver 2021 ; 1_Campagne hiver 2021 ; 1_Campagne hiver 2021 ; 1_Campagne hiver 2021 ; 1_Campagne hiver 2021 ; 2_Campagne été 2022 ; 2_Campagne été 2022 ; 1_Campagne hiver 2021 ; 1_Campagne hiver 2021 ; 2_Campagne été 2022 ; 2_Campagne été 2022 ; 1_Campagne hiver 2021 ; 1_Campagne hiver 2021 ; 1_Campagne hiver 2021 ; 2_Campagne été 2022 ; 2_Campagne été 2022 
Ech.;;;;;; SPY213513 ; SPY213520 ; SPY221741 ; SPY221742 ; SPY213515 ; SPY213512 ; SPY213516 ; SPY221745 ; SPY221746 ; SPY213514 ; SPY213517 ; SPY221749 ; SPY221750 ; SPY221751 ; SPY221753 ; SPY202505 ; SPY202519 ; SPY202520 ; SPY213519 ; SPY213527 ; SPY221747 ; SPY221748 ; SPY213523 ; SPY213525 ; SPY221743 ; SPY221744 ; SPY213518 ; SPY213521 ; SPY213522 ; SPY221739 ; SPY221740 
kingdom;class;order;family;scientific_name;db; Nbr seq ; Nbr seq ; Nbr seq ; Nbr seq ; Nbr seq ; Nbr seq ; Nbr seq ; Nbr seq ; Nbr seq ; Nbr seq ; Nbr seq ; Nbr seq ; Nbr seq ; Nbr seq ; Nbr seq ; Nbr seq ; Nbr seq ; Nbr seq ; Nbr seq ; Nbr seq ; Nbr seq ; Nbr seq ; Nbr seq ; Nbr seq ; Nbr seq ; Nbr seq ; Nbr seq ; Nbr seq ; Nbr seq ; Nbr seq ; Nbr seq 
Metazoa;Actinopteri;Anguilliformes;Congridae;Ariosoma balearicum;GB_247;;;;;;;;;;;;;;;;;;;;;;;;;;;;; 71 ;;
Metazoa;Actinopteri;Anguilliformes;Congridae;Conger myriaster;GB_247;; 94 ; 14 089 ;; 77 ;;; 197 ;; 383 ; 476 ; 86 ; 217 ;;; 1 463 ; 1 356 ; 2 823 ; 96 ;;;; 693 ; 2 116 ;; 65 ; 3 100 ; 1 797 ; 1 722 ; 7 206 ; 3 052 
Metazoa;Actinopteri;Anguilliformes;Congridae;Conger sp.;GB_247;;; 50 ;;;;;;;;;;;;; 22 ;; 27 ;;;;;; 13 ;;; 37 ; 41 ; 16 ; 79 ; 42 
Metazoa;Actinopteri;Anguilliformes;Muraenidae;Gymnothorax sp.;GB_247; 1 214 ; 694 ; 2 874 ;; 3 527 ;; 1 472 ; 1 129 ; 1 396 ; 729 ; 936 ; 1 553 ; 2 371 ; 362 ; 1 284 ; 7 163 ; 2 101 ; 2 717 ; 416 ; 420 ; 33 ; 123 ; 342 ;;; 81 ; 680 ; 1 517 ; 743 ;; 309 
Metazoa;Actinopteri;Anguilliformes;Muraenidae;Muraena lentiginosa;GB_247;;;;; 7 625 ; 766 ;;; 191 ; 311 ;;;;;;;;; 477 ; 653 ;;;;;;;;;;;
Metazoa;Actinopteri;Anguilliformes;Muraenidae;Muraeninae;GB_247;;;;;;;;;;;;; 130 ;;;;;;;;;;;;;;;;;;
Metazoa;Actinopteri;Anguilliformes;Ophichthidae;Echelus myrus;GB_247;;;;;;;;;; 74 ;;;;;;;;;;;;;;;;;;;;;
Metazoa;Actinopteri;Anguilliformes;Ophichthidae;Ophichthinae;GB_247;;;;; 490 ;; 350 ;;; 139 ;; 32 ;;;;;;;;;;; 31 ;;;;; 91 ;;;
Metazoa;Actinopteri;Anguilliformes;Ophichthidae;Xyrias revulsus;GB_247;;;;;;;;;; 13 ;;;;;;;;;;;;;;;;;;;;;
Metazoa;Actinopteri;Anguilliformes;Serrivomeridae;Serrivomer beanii;GB_247;; 199 ;;;;;; 189 ;; 830 ; 262 ; 1 065 ; 3 640 ; 21 ;; 1 688 ;; 1 810 ; 105 ;;;;;;;; 131 ; 227 ; 245 ; 78 ; 247 
Metazoa;Actinopteri;Anguilliformes;(vide);Anguilliformes;GB_247;;;;;;;;;;;;;;;;;; 81 ;; 256 ;;;;; 2 297 ; 1 260 ; 266 ; 17 ; 562 ; 23 ; 27 
Metazoa;Actinopteri;Atheriniformes;Atherinidae;Atherina boyeri;GB_247;;;;;;;;;;;;;;;;;;;;;;;;;;; 2 774 ; 4 461 ; 1 011 ;;
Metazoa;Actinopteri;Aulopiformes;(vide);Alepisauroidei;GB_247;;;;;;;;;;;;;; 281 ; 35 ;;;; 48 ;;;;;; 56 ;;;;;;
Metazoa;Actinopteri;Beloniformes;Belonidae;Cololabis saira;GB_247;;;;;;;;; 346 ;;;;;;;;;;;;;;;;;;;;;;
Metazoa;Actinopteri;Beloniformes;Belonidae;Tylosurus acus melanotus;GB_247;;;;;;;;; 177 ;;;;;;;;;;;;;;;;;;;;;;
Metazoa;Actinopteri;Cichliformes;Cichlidae;Pseudocrenilabrinae;GB_247;;;;;;;;;;; 12 ; 287 ;;;;;;;;;;;;;;;;;;;
Metazoa;Actinopteri;Clupeiformes;Clupeidae;Sardina pilchardus;GB_247; 12 067 ; 20 022 ; 1 648 ;; 1 129 ;; 412 ; 12 934 ; 9 168 ;;; 104 ;;;; 4 780 ; 1 635 ; 4 109 ;; 692 ; 79 ;; 3 051 ; 1 536 ; 20 861 ; 4 343 ;; 7 592 ; 4 085 ; 21 817 ; 16 242 
Metazoa;Actinopteri;Cyprinodontiformes;Poeciliidae;Gambusia sp.;GB_247;;;;;;;;;;;;;;;;;;;;; 663 ; 119 ;;;;; 47 ;;;;
Metazoa;Actinopteri;Cyprinodontiformes;Procatopodidae;Poropanchax normani;GB_247;;;;;;;;;;;;;;;; 19 ;;;;;;;;;;;;;;;
Metazoa;Actinopteri;Gadiformes;Merlucciidae;Merluccius sp.;GB_247;;;;; 1 051 ; 2 268 ;;;;;;;;;;;;;;;;; 197 ; 91 ; 2 721 ; 362 ;;;;;
Metazoa;Actinopteri;Gobiiformes;Gobiidae;Benthophilinae;GB_247;; 217 ; 25 913 ; 2 789 ;;;;;;;; 1 899 ; 5 299 ; 994 ; 3 143 ; 4 185 ; 7 326 ; 2 084 ;;;; 250 ;; 79 ; 523 ;;;; 47 ;;
Metazoa;Actinopteri;Gobiiformes;Gobiidae;Gobiidae;GB_247; 495 ; 75 ; 80 ;; 10 460 ; 680 ; 620 ; 1 068 ; 797 ; 2 748 ; 4 255 ; 2 043 ; 3 431 ; 1 284 ; 7 190 ; 2 984 ; 5 422 ;; 1 217 ; 1 124 ; 977 ;; 150 ; 109 ; 661 ; 374 ;; 11 454 ;;;
Metazoa;Actinopteri;Gobiiformes;Gobiidae;Gobiinae;GB_247; 9 208 ; 24 451 ; 9 187 ; 3 383 ;; 30 ; 522 ; 2 627 ; 2 358 ; 2 912 ; 1 976 ; 3 146 ; 7 000 ; 5 618 ; 2 263 ; 2 910 ; 5 308 ; 3 962 ; 1 636 ; 3 840 ; 596 ; 599 ;;; 11 ; 132 ; 20 651 ; 11 123 ; 11 292 ; 3 825 ; 5 595 
Metazoa;Actinopteri;Gobiiformes;(vide);Gobioidei;GB_247; 46 ;;;;;;;;;;;; 49 ;; 11 ; 26 ;; 231 ;;;;;;;;;; 276 ; 133 ;;
Metazoa;Actinopteri;Kurtiformes;Apogonidae;Jaydia sp.;GB_247;;;;; 657 ; 64 ;;;; 48 ; 206 ; 203 ; 145 ;; 1 390 ;;;;;;;;;;;;;;;;
Metazoa;Actinopteri;Lophiiformes;Lophiidae;Lophiidae;GB_247;;;;;;;;;;;;;;; 296 ;;;;;;; 25 ; 106 ;; 155 ; 220 ; 59 ;; 104 ;;
Metazoa;Actinopteri;Lophiiformes;Lophiidae;Lophius budegassa;GB_247;;;;;;;;;;;;;;;; 177 ;; 699 ;;; 117 ;; 184 653 ; 106 515 ;; 213 ;;;;;
Metazoa;Actinopteri;Lutjaniformes;Lutjanidae;Lutjanus madras;GB_247; 383 ; 12 ;; 25 ; 165 ; 118 ;; 140 ; 41 ;;;;;;;; 26 ;; 51 ; 56 ;;; 53 ;; 49 ; 11 ; 42 ; 72 ; 54 ; 40 ; 11 
Metazoa;Actinopteri;Mugiliformes;Mugilidae;Mugil sp.;GB_247;;;;;;;;;; 92 ;;;;; 260 ; 1 073 ; 746 ; 890 ;;;;;;;;; 8 943 ; 13 597 ; 9 053 ; 6 216 ; 2 282 
Metazoa;Actinopteri;Mugiliformes;Mugilidae;Mugilidae;GB_247; 180 092 ; 45 194 ; 31 378 ; 45 854 ; 120 823 ; 97 567 ; 10 465 ; 39 947 ; 30 587 ; 28 296 ; 32 317 ; 13 185 ; 29 580 ; 8 152 ; 16 515 ; 381 737 ; 153 428 ; 145 329 ; 28 651 ; 29 528 ; 5 410 ; 2 939 ; 239 313 ; 276 850 ; 13 235 ; 3 254 ; 265 944 ; 408 474 ; 220 189 ; 82 560 ; 52 180 
Metazoa;Actinopteri;Myctophiformes;Myctophidae;Notoscopelus elongatus;GB_247;;;;;;;;;;;; 23 ;;;;;;;;;;;;;;;;;;;
Metazoa;Actinopteri;Perciformes;Scorpaenidae;Scorpaena porcus;GB_247;;;;;;;;;;;;;;;;;;;;;;; 42 ;; 376 ; 96 ;;;; 2 192 ; 132 
Metazoa;Actinopteri;Perciformes;Scorpaenidae;Scorpaena sp.;GB_247;;;;;;;;;;;;;;;;;;; 276 ; 3 602 ;;;;;;;;;;;
Metazoa;Actinopteri;Perciformes;Scorpaenidae;Scorpaeninae;GB_247;;;;;;;;;;; 56 ;;;;;;;;; 220 ;;;;;;;;;;;
Metazoa;Actinopteri;Perciformes;Scorpaenidae;Scorpaenopsis sp.;GB_247;;;;; 1 254 ;;; 175 ;; 722 ; 67 ; 62 ; 1 442 ; 57 ; 1 084 ; 1 234 ;; 20 ;;;;;; 33 ;;; 827 ; 311 ; 1 088 ; 1 069 ;
Metazoa;Actinopteri;Perciformes;Serranidae;Centropristis striata;GB_247;;;;; 219 ;;; 84 ;; 29 ;;;;;;;;;;;;;;;;;;;;;
Metazoa;Actinopteri;Perciformes;Serranidae;Epinephelini;GB_247;;;;;;; 47 ;;; 84 ;; 164 ; 89 ;;; 737 ;;;;;;;;;;;;;;;
Metazoa;Actinopteri;Perciformes;Synanceiidae;Inimicus didactylus;GB_247;;;;;;;;;;;; 12 678 ; 22 615 ;;;;;;; 32 498 ;;;; 7 702 ; 86 639 ; 33 891 ;;;;;
Metazoa;Actinopteri;Pleuronectiformes;Bothidae;Arnoglossus laterna;GB_247;;;;;;;;;;;;;;;; 22 ;; 72 ;;;;;;;; 67 ; 52 ;;;;
Metazoa;Actinopteri;Pleuronectiformes;Paralichthyidae;Pseudorhombus sp.;GB_247;;;;;;;;;;;;;;;;;;;;;;; 11 ;;;;;;;;
Metazoa;Actinopteri;Pleuronectiformes;Soleidae;Solea senegalensis;GB_247;;;;;;;;;;; 14 ;;;;;;;;;;;;;;;; 1 262 ; 673 ; 1 179 ; 118 186 ; 33 324 
Metazoa;Actinopteri;Pleuronectiformes;Soleidae;Solea sp.;GB_247; 26 698 ; 1 154 ;;; 330 ;;;;;;;;;;; 74 178 ; 2 693 ; 1 671 ;;;;; 245 ; 100 ; 178 ;; 946 ; 476 ; 654 ;;
Metazoa;Actinopteri;Scombriformes;Pomatomidae;Pomatomus saltatrix;GB_247; 6 108 ; 641 ;;; 1 558 ; 3 924 ; 1 182 ; 3 159 ; 3 483 ; 955 ; 918 ; 161 ;; 20 ;; 103 ;;; 129 ; 1 074 ; 426 ; 369 ; 24 ;;;; 247 ; 78 ;; 2 932 ; 1 741 
Metazoa;Actinopteri;Scombriformes;Pomatomidae;Pomatomus sp.;GB_247; 29 ;;;;; 16 ;;; 42 ; 19 ; 15 ;;;;;;;;; 13 ;;;;;;;;;;;
Metazoa;Actinopteri;Scombriformes;Scombridae;Scombrinae;GB_247;; 592 ;;;;;;;; 2 964 ; 2 033 ;;;;;;;;;;;; 67 305 ; 13 974 ;;;;;;;
Metazoa;Actinopteri;Scombriformes;Scombridae;Scombrini;GB_247;;;;;;;;;; 328 ; 370 ;;;;; 1 402 ;; 222 ;;;;; 11 ; 83 ; 2 172 ; 674 ; 163 ; 212 ; 206 ; 11 154 ; 4 165 
Metazoa;Actinopteri;Siluriformes;Doradidae;Trachydoras sp.;GB_247;;;;;;;;; 132 ;;;;;;;;;;;;;;;;;;;;;;
Metazoa;Actinopteri;Siluriformes;Siluridae;Siluridae;GB_247;;;;;;;;;; 13 ;;;;;;; 83 ;;;;;;;;;;;; 15 ;;
Metazoa;Actinopteri;Spariformes;Centracanthidae;Spicara smaris;GB_247;;;;; 2 438 ;; 501 ; 67 ; 977 ;; 498 ; 297 ; 467 ; 884 ; 2 036 ;;;;;;;;;;;;;;;;
Metazoa;Actinopteri;Spariformes;Sparidae;Boops boops;GB_247;; 328 ;;; 13 190 ; 5 116 ; 244 ; 408 ; 1 344 ; 127 191 ; 127 387 ; 3 693 ; 7 076 ; 26 795 ; 34 674 ; 5 855 ; 5 717 ; 24 027 ; 6 996 ; 6 238 ;; 63 ; 3 184 ; 2 608 ; 11 069 ; 6 465 ; 1 015 ; 187 ; 633 ; 833 ; 148 
Metazoa;Actinopteri;Spariformes;Sparidae;Pagrus major;GB_247; 21 ;;;;;;;;;;;;;;; 20 ; 17 ; 38 ;; 11 ;;;;;;;;;; 15 ;
Metazoa;Actinopteri;Spariformes;Sparidae;Rhabdosargus sarba;GB_247; 17 ;;;;;;;;;;;;;;; 20 ;; 24 ;;;;;;;;;;;;;
Metazoa;Actinopteri;Spariformes;Sparidae;Sparidae;GB_247; 137 368 ; 40 161 ; 82 904 ; 38 371 ; 50 ; 13 ;;;; 141 ; 91 ; 55 ; 118 ; 51 ; 78 ; 57 451 ; 87 082 ; 125 652 ; 16 ; 31 ;;; 41 234 ; 10 057 ;;; 91 150 ; 25 149 ; 32 686 ; 338 245 ; 209 990 
Metazoa;Actinopteri;Spariformes;(vide);Spariformes;GB_247; 129 580 ;;; 34 168 ; 248 916 ; 59 379 ;;; 13 ; 64 286 ; 44 ;; 32 ; 13 ; 51 ; 81 361 ; 122 355 ; 140 711 ;;;;;;;;;;;;;
Metazoa;Actinopteri;Syngnathiformes;Callionymidae;Callionymus;GB_247;;;;;;;;;;;;;;;; 804 ; 242 ; 450 ;;;;;;; 439 ; 47 ;;; 73 ; 120 ; 298 
Metazoa;Actinopteri;Syngnathiformes;Callionymidae;Callionymus lyra;GB_247;;;;;;;;;;;; 22 ;;;;;;;;;;;;;;;;;;;
Metazoa;Actinopteri;Syngnathiformes;Mullidae;Mullus sp.;GB_247;;;;; 14 ; 34 ;; 12 ; 11 ;;;;;;; 29 ; 19 ; 59 ;;;;;;;;; 12 ; 17 ;;;
Metazoa;Actinopteri;Syngnathiformes;Mullidae;Mullus surmuletus;GB_247; 4 492 ; 3 636 ;;; 13 404 ; 17 867 ; 767 ; 1 795 ; 4 400 ; 20 080 ; 13 067 ; 5 696 ; 4 914 ; 7 069 ; 4 248 ; 12 846 ; 14 797 ; 42 913 ; 4 002 ; 9 223 ; 162 ; 82 ; 712 ; 419 ; 2 800 ; 3 498 ; 12 111 ; 2 815 ; 3 691 ; 2 151 ; 2 930 
Metazoa;Actinopteri;Syngnathiformes;Syngnathidae;Hippocampus sp.;GB_247;;;;;;;;;;;;;;;;;; 147 ;;;;;;;;;;;;;
Metazoa;Actinopteri;Syngnathiformes;Syngnathidae;Syngnathus sp.;GB_247;;;;;;;;;;;; 32 ;;;; 83 ;; 275 ; 40 ;;;;;;;;;;;;
Metazoa;Actinopteri;Uranoscopiformes;Uranoscopidae;Uranoscopus tosae;GB_247;;;;;;;; 42 ;;;;;;;;;;;;;;;;;;;;;;;
Metazoa;Actinopteri;(vide);Sphyraenidae;Sphyraena borealis;GB_247;;;;;;;; 17 711 ; 12 548 ;;;;;;;;;; 1 022 ;;;;;;;;;;;;
Metazoa;Actinopteri;(vide);(vide);Actinopteri;GB_247;;;;;;;; 776 ;;;;;;;;;;;;;;;;;;;;;;;
Metazoa;Actinopteri;(vide);(vide);Characiphysae;GB_247;;;;;;;;;;;;;;;;;;; 24 ;;;;;;;;;;;;
Metazoa;Actinopteri;(vide);(vide);Euteleosteomorpha;GB_247; 46 ;;;; 15 ; 16 ;;;; 19 ;;;;; 45 ;;;;;;;;;;;;;; 11 ; 19 ; 11 
Metazoa;Actinopteri;(vide);(vide);Neopterygii;GB_247;;; 69 ;;;;;;; 12 ;;;;;;;; 17 ;;;;;;;;; 27 ; 16 ; 14 ; 53 ; 20 
Metazoa;Actinopteri;(vide);(vide);Otomorpha;GB_247;;;;;;;;;;;;;;;;;;;;;;;;;;;;;; 11 ;
Metazoa;Actinopteri;(vide);(vide);Teleostei;GB_247;; 30 ; 2 824 ;; 192 ;;;;; 7 065 ; 11 514 ; 134 ; 1 035 ; 866 ; 3 694 ; 3 646 ;; 3 885 ; 161 ;;; 32 ;; 16 ; 378 ;; 10 404 ; 4 199 ; 4 121 ; 2 277 ; 610 
Metazoa;Amphibia;Anura;Bufonidae;Bufo sp.;GB_247;;;;;;;;;; 329 ; 790 ;;;;;;;;;;;;;;;;;;;;
Metazoa;Amphibia;Anura;(vide);Neobatrachia;GB_247;;;;;;;;;;; 37 ;;;;;;;;;;;;;;;;;;;;
Metazoa;Asteroidea;Forcipulatida;Asteriidae;Aphelasterias japonica;GB_247;;;;; 35 ;;;;;;;;;;;;;;;;;;;;;;;;;;
Metazoa;Asteroidea;Paxillosida;Astropectinidae;Astropecten sp.;GB_247;;;;; 64 ;;; 17 ; 20 ; 21 ; 34 ; 277 ; 117 ; 107 ; 342 ;;;;;; 34 ; 35 ;; 17 ;;;;;; 14 ;
Metazoa;Asteroidea;Valvatida;Asterinidae;Patiria pectinifera;GB_247;;;;;; 24 ;;;;;;;;;; 21 ; 759 ; 327 ;;;; 11 ;;;;;;;;;
Metazoa;Aves;Anseriformes;Anatidae;Cygnus olor;GB_247;;;;; 2 588 ;;;;;;;;;;;;;;;;;;;;;;;;;;
Metazoa;Aves;Charadriiformes;Laridae;Chroicocephalus sp.;GB_247; 57 ;;;;;;;;;;;;;;;;;;;;;;;;;;;;;;
Metazoa;Aves;Charadriiformes;Laridae;Larus sp.;GB_247;;;;;;;;;;;;;;;;;;;; 39 ; 53 ; 17 ;;;;; 11 ;;;;
Metazoa;Aves;Columbiformes;Columbidae;Columba palumbus;GB_247;;;; 5 992 ;;;;;;;;;;;;;;;;;;;;;;;;;;;
Metazoa;Aves;Columbiformes;Columbidae;Columba sp.;GB_247;; 117 ;;;;;;;; 42 ;;;;;;;;;;;;;;; 5 177 ; 1 448 ;;;;;
Metazoa;Aves;Columbiformes;Columbidae;Columbidae;GB_247;;;;;;;;;;;;;;;;;;;;;;;;; 75 ; 22 ;;;;;
Metazoa;Aves;Passeriformes;Rhipiduridae;Rhipidura fuliginosa;GB_247;;;;;;;;;;;;;;;;;;;;; 30 ;;;;;;;;;;
Metazoa;Aves;Pelecaniformes;Phalacrocoracidae;Phalacrocorax sp.;GB_247;;;;;; 26 ;;;;;;;;;;;;;;;;;;;;;;;;;
Metazoa;Aves;(vide);(vide);Neognathae;GB_247;;;;;;;;;;;;;;;;;;;;;;;;;;;;;; 47 ;
Metazoa;Bivalvia;Adapedonta;Pharidae;Pharidae;GB_247;;;;;;;;;;;;;;;;;; 21 ;;;;;;;;;;;;;
Metazoa;Bivalvia;Cardiida;Cardiidae;Acanthocardia sp.;GB_247;;;;;;;; 27 ; 19 ;;;;;;;;; 38 ;;;;;;;; 68 ; 49 ;;;;
Metazoa;Bivalvia;Cardiida;Psammobiidae;Psammobiidae;GB_247;;;;;;;;;;;;;;;;;; 12 ;;;;;;;;;;;;;
Metazoa;Bivalvia;Cardiida;Scrobiculariidae;Scrobicularia plana;GB_247;;;;;;;;;;;;;;;;; 13 ;;;;;;;;;;;;;;
Metazoa;Bivalvia;Cardiida;Scrobiculariidae;Scrobiculariidae;GB_247;;;;;;;;; 33 ;;;;;;;;;;;;;;;;;;;;;;
Metazoa;Bivalvia;Cardiida;Tellinidae;Tellinidae;GB_247;; 38 ; 160 ;; 85 ; 93 ; 21 ; 28 ; 388 ; 68 ;;;;;; 24 ; 844 ; 479 ;;;;;;; 47 ; 39 ;;;;; 106 
Metazoa;Bivalvia;Lucinida;Lucinidae;Loripes lacteus;GB_247; 4 782 ; 2 676 ; 24 008 ;; 6 844 ; 13 123 ; 317 ; 203 543 ; 392 705 ; 7 444 ; 5 323 ; 196 743 ; 72 040 ; 906 679 ; 830 221 ; 518 ; 2 378 ; 1 909 ; 10 506 ; 17 138 ; 517 925 ; 373 080 ;;; 30 518 ; 10 389 ; 346 ; 87 ; 51 ;;
Metazoa;Bivalvia;Lucinida;Lucinidae;Loripes sp.;GB_247;;;;;; 11 ;; 112 ; 472 ;;; 764 ; 70 ; 124 ; 623 ;;;;;; 62 ; 53 ;;; 140 ; 39 ;;;;;
Metazoa;Bivalvia;Lucinida;Lucinidae;Lucinella divaricata;GB_247; 203 ; 117 ; 5 748 ; 618 ;;;; 8 913 ; 26 123 ;; 407 ; 37 350 ; 13 246 ; 11 ; 33 ;;;;;;;;;; 28 613 ; 40 665 ;;; 16 ;;
Metazoa;Bivalvia;Lucinida;Lucinidae;Lucinella sp.;GB_247;;;;;;;; 104 ; 851 ;; 22 ; 567 ; 44 ;;;;;;;;;;;; 2 596 ; 39 ;;;;;
Metazoa;Bivalvia;Lucinida;Lucinidae;Lucinidae;GB_247;;;;;;;; 52 ; 91 ;;; 13 ; 13 ; 12 ; 199 ;;;;;;; 31 ;;; 11 ;;;;;;
Metazoa;Bivalvia;Mytiloida;Mytilidae;Mytilidae;GB_247; 191 ; 55 ;;; 155 ; 216 ;; 1 442 ; 42 ; 95 ; 13 ; 17 ;;; 376 ; 65 ;; 54 ; 86 ; 11 ;; 53 ; 14 ;; 64 ; 44 ;;;; 36 ; 34 
Metazoa;Bivalvia;Mytiloida;Mytilidae;Mytilus sp.;GB_247; 4 059 ; 3 550 ;;; 305 ;;;; 337 ; 235 ;; 461 ; 217 ; 125 ;; 10 144 ; 47 667 ; 49 179 ;; 1 245 ; 43 ;;;; 3 855 ; 969 ; 50 256 ; 35 723 ; 17 054 ; 20 259 ; 49 572 
Metazoa;Bivalvia;Pectinida;Pectinidae;Flexopecten flexuosus;GB_247;;;;; 65 ; 61 ;; 17 ;; 15 ; 56 ;;;;;;;;;;;;;;;;;;;;
Metazoa;Bivalvia;Pectinida;Pectinidae;Manupecten pesfelis;GB_247;;;;;;;;;;; 22 ;;;;; 12 ;;;;;;;;;;;;;;;
Metazoa;Bivalvia;Pectinida;Pectinidae;Mimachlamys sp.;GB_247;;;;;;;;;;;;;;;;; 13 ;;;;;;;;;;;;;; 11 
Metazoa;Bivalvia;Pectinida;Pectinidae;Mimachlamys varia;GB_247; 935 ; 173 ;;;;;;;; 498 ; 597 ;;;;; 1 414 ; 39 616 ; 680 ;;;;; 55 ; 31 ;; 216 ; 343 ; 387 ; 61 ; 562 ; 13 628 
Metazoa;Bivalvia;Pectinida;Pectinidae;Pecten sp.;GB_247;;;;;;;;;;;;;;;;;;;;;;;;; 26 ;;;;;;
Metazoa;Bivalvia;Pectinida;Pectinidae;Talochlamys multistriata;GB_247;;;;;;;;;;; 12 ;;;;;; 546 ;;;;;;;;;;;;;;
Metazoa;Bivalvia;Pectinida;Spondylidae;Spondylidae;GB_247;;;;; 388 ;;;; 37 ;;;;;;;;;;; 13 ; 890 ; 710 ;;; 154 ; 39 ;;;;;
Metazoa;Bivalvia;Solemyida;Solemyidae;Solemya sp.;GB_247;;;;; 728 ;;;; 37 ; 62 ; 114 ;;;;;; 115 ;; 208 ; 3 662 ; 32 ;;;;;;;;;;
Metazoa;Bivalvia;Venerida;Veneridae;Ruditapes decussatus;GB_247;;; 11 ;;;;;;; 17 ;;;;;;;;;;;;;;;; 14 ;;;; 76 ; 272 
Metazoa;Bivalvia;Venerida;Veneridae;Veneridae;GB_247;;;;;;;;;;;;;;;;;;;;;;;;;;;;;;; 11 
Metazoa;Bivalvia;(vide);Myochamidae;Myochamidae;GB_247;;;;;;;;;;;;;;;;;;;;;;;;;;;;;;; 93 
Metazoa;Bivalvia;(vide);(vide);Imparidentia;GB_247; 35 ;; 95 ; 18 ;;;;;;;;;;;;;;;;;;;;;;; 23 ;;;;
Metazoa;Branchiopoda;Diplostraca;Chydoridae;Chydoridae;GB_247;;;;; 434 ;;;;;;;;;;;;;;;;;;;;;;;;;;
Metazoa;Branchiopoda;Diplostraca;Daphniidae;Daphnia pulex;GB_247;;;;;;;;;; 206 ; 39 ;;;;;;;;;;;;;;;;;;;;
Metazoa;Branchiopoda;Diplostraca;Podonidae;Evadne nordmanni;GB_247;; 11 401 ;;;;;;;;; 61 ;;; 64 ; 486 ;;;;;;;;;; 326 145 ; 226 129 ;;;; 1 800 ; 83 785 
Metazoa;Branchiopoda;Diplostraca;Podonidae;Evadne sp.;GB_247;;;;; 92 ;;;;; 178 ; 48 ;;;;; 1 404 ;; 15 ;;;;;;; 281 ; 136 ;;;;; 11 
Metazoa;Branchiopoda;Diplostraca;Podonidae;Podonidae;GB_247;;;;;;;;;;;;;;;;;;;;;;;;; 154 ; 65 ;;;;;
Metazoa;Calcarea;Clathrinida;Clathrinidae;Clathrina clathrus;GB_247;;;;;;;;;;; 26 ;;;;;;;;;;;;;;;;;;;;
Metazoa;Calcarea;Clathrinida;Clathrinidae;Clathrinidae;GB_247;;;;; 427 ; 918 ; 60 ;;; 31 ; 21 ;;;;;;;;;;;;;;;;;;;;
Metazoa;Cephalopoda;Octopoda;Octopodidae;Octopus sp.;GB_247;;;;;;;;;;;;;;;; 65 ;;;;;;;;;;;;;;;
Metazoa;Cephalopoda;Sepiida;Sepiidae;Sepia officinalis;GB_247;;;;;;;;;;;;;;;;; 161 ; 44 ;;;;;;;;;;;; 662 ; 2 378 
Metazoa;Cephalopoda;Teuthida;Loliginidae;Loligo vulgaris;GB_247;;;;;;;;;;;;;;;;;;; 149 ; 37 ;;;;;;;;;;;
Metazoa;Cephalopoda;(vide);(vide);Coleoidea;GB_247;;;;;;;;;;;;;;;;;;;;;;;;; 34 ;;;;;;
Metazoa;Chilopoda;Lithobiomorpha;Lithobiidae;Lithobius forficatus;GB_247;;;;;;;;;; 15 ;;;;;;;;;;;;;;;;;;;;;
Metazoa;Chondrichthyes;Carcharhiniformes;Scyliorhinidae;Scyliorhinidae;GB_247;;;;;;;;;;;;;;;;;;;;;;;; 26 ; 24 ;;;;;;
Metazoa;Chondrichthyes;Carcharhiniformes;Triakidae;Mustelus sp.;GB_247;;;;;;;;;;;;;;;;;;;;;;;;;;; 1 578 ; 361 ; 768 ;;
Metazoa;Chondrichthyes;Hexanchiformes;Hexanchidae;Hexanchus griseus;GB_247;;;;;;;;;;;;;;;;;;;;; 54 ;;;;;;;;;;
Metazoa;Chondrichthyes;Myliobatiformes;Myliobatidae;Myliobatis aquila;GB_247;;;;;;;;;;;;;;;;;;;;;;; 126 ; 107 ;;;;;;;
Metazoa;Chondrichthyes;Rajiformes;Rajidae;Rajidae;GB_247;; 435 ;;;;;;; 11 ;;;;;;; 13 177 ; 3 154 ; 126 ;;;;; 64 ; 432 ;;; 287 ; 169 ; 250 ; 16 911 ; 5 446 
Metazoa;Chondrichthyes;Rajiformes;(vide);Rajiformes;GB_247;;;;;;;;;;;;;;;;;; 131 ;;;;;;;;;;;; 13 ;
Metazoa;Chondrichthyes;Torpediniformes;Torpedinidae;Torpedo marmorata;GB_247;; 607 ; 651 ; 4 143 ;;;;;;;;;;;;; 238 ;;;;;; 13 369 ; 6 294 ;;; 1 379 ; 5 004 ; 2 072 ; 8 039 ; 1 791 
Metazoa;Chondrichthyes;(vide);(vide);Batoidea;GB_247;;;;;;;;;;;;;;;; 13 ;;;;;;; 104 ; 101 ;;; 6 085 ; 2 765 ; 5 236 ; 1 839 ; 1 327 
Metazoa;Chondrichthyes;(vide);(vide);Elasmobranchii;GB_247;;;;;;;;;;;;;;;; 201 ; 30 ;;;;;; 50 ; 70 ;;; 36 ; 278 ; 169 ; 236 ; 64 
Metazoa;Chondrichthyes;(vide);(vide);Galeoidea;GB_247;;;;;;;;;;;;;;;;;;;;;;;;;;;; 12 ;;;
Metazoa;Demospongiae;Axinellida;Axinellidae;Axinella sp.;GB_247;;;;;;;;;;;;;;;; 38 ; 110 ; 360 ;; 37 ;;;;;;;;;;;
Metazoa;Demospongiae;Haplosclerida;Callyspongiidae;Callyspongia plicifera;GB_247; 13 132 ; 2 123 ; 1 132 ; 15 ; 5 297 ; 282 ;; 130 ; 1 454 ; 21 ; 54 ; 56 ;;;;;; 237 ;; 143 ;;; 18 ;; 15 ;; 122 ; 53 ; 33 ; 41 ; 75 
Metazoa;Demospongiae;Haplosclerida;Callyspongiidae;Callyspongia sp.;GB_247; 36 ;;;;;;;;;;;;;;;;;;;;;;;;;;;;;;
Metazoa;Demospongiae;Haplosclerida;Niphatidae;Amphimedon sp.;GB_247;;;;; 31 ;;;;;;;;;;;; 16 ; 114 ;;;;;;;;;;;;;
Metazoa;Demospongiae;Haplosclerida;(vide);Haplosclerida;GB_247;;;;;;;;;;;;;;;; 63 ;;;;;;;;;;;;;; 57 ; 73 
Metazoa;Demospongiae;Poecilosclerida;Hymedesmiidae;Phorbas areolatus;GB_247;;;;;; 49 ;;;;;;;;;;; 12 ;;;;;;;;;;;;;;
Metazoa;Demospongiae;Poecilosclerida;Hymedesmiidae;Phorbas sp.;GB_247;;;;;;;;;;;;;;;;; 15 ; 43 ;;;;;;;;;;;;;
Metazoa;Demospongiae;Suberitida;Halichondriidae;Halichondriidae;GB_247; 31 ;; 18 952 ;;;;;;; 14 ;;; 25 ;;; 15 ;;;;;;;;;;;;;;;
Metazoa;Demospongiae;Suberitida;(vide);Suberitida;GB_247;;;;;;;;; 25 ;; 11 ;;;;;;;;;;;;;;;;;;;;
Metazoa;Demospongiae;Tetractinellida;(vide);Astrophorina;GB_247;;;;;;;;;; 27 ;;;;;;;;;;;;;;;;;;;;;
Metazoa;Demospongiae;(vide);(vide);Heteroscleromorpha;GB_247;;; 252 ; 19 ;; 66 ;;;; 12 ;; 32 ;;;; 69 ; 358 ; 453 ;;;;;; 13 ;; 12 ;;;;; 17 
Metazoa;Echinoidea;Arbacioida;Arbaciidae;Arbacia sp.;GB_247;;;;;;;;;;; 14 ;;;;;;;;;;;;;; 20 ; 29 ;;;;;
Metazoa;Echinoidea;Camarodonta;Echinometridae;Heliocidaris tuberculata;GB_247;;;;;;;;;;;;;;;;;;;;;;;;; 534 ;;;;;;
Metazoa;Echinoidea;Camarodonta;Strongylocentrotidae;Strongylocentrotus purpuratus;GB_247;;;;;;;;; 172 ;;;;;;;;;;;;;;;;;;;;;;
Metazoa;Echinoidea;Cidaroida;Cidaridae;Cidaridae;GB_247;;;;;;;;;;;;;;;;;;;;; 15 ;;;;;;;;;;
Metazoa;Echinoidea;Clypeasteroida;Fibulariidae;Echinocyamus pusillus;GB_247;;;;;;;;;; 26 ;;;;; 74 ;;;;;;;;;; 163 ; 82 ;;;;;
Metazoa;Echinoidea;(vide);(vide);Euechinoidea;GB_247;;;;;;;;; 17 ;;;;;;; 285 ; 201 ; 611 ;;; 14 ;;; 22 ; 1 676 ; 639 ; 64 ;;; 96 ; 214 
Metazoa;Enopla;Monostilifera;Emplectonematidae;Emplectonematidae;GB_247;;;; 85 ;;;;;;;;;;;;;;;;;;;;;;;;;;;
Metazoa;Enopla;Monostilifera;Poseidonemertidae;Poseidonemertidae;GB_247;;;;;;;;;;;;;;;;; 161 ; 35 ;;;;;;;;;;;;; 17 
Metazoa;Enopla;Monostilifera;(vide);Eumonostilifera;GB_247;;;;; 61 ;;;;;;;;;;; 17 ;; 63 ;;;;;;;;; 13 ;;;; 18 
Metazoa;Enopla;Monostilifera;(vide);Monostilifera;GB_247;;;;;;;;;;;;;;;;;;;;;;;;; 14 ;;;;;;
Metazoa;Enteropneusta;(vide);Harrimaniidae;Harrimaniidae;GB_247;;;;;;;;;; 260 ; 143 ;;;;;;;;;;;;;;;;;;;;
Metazoa;Enteropneusta;(vide);Ptychoderidae;Balanoglossus sp.;GB_247;;;;;;;;;;;;;;;;;;;;;;;;; 2 152 ;;;;; 86 ; 1 162 
Metazoa;Enteropneusta;(vide);(vide);Enteropneusta;GB_247;;;;;;;;;;;; 25 ;;;;;;;;;;;;; 480 ;;;;;;
Metazoa;Gastropoda;Cephalaspidea;Haminoeidae;Haminoea orbignyana;GB_247; 34 ;;;;;;;;;;;;;;;;;;;;;;;;;;;;;;
Metazoa;Gastropoda;Cephalaspidea;Haminoeidae;Haminoea orteai;GB_247;;;;;;;;;;;;;;;;;; 19 ;;;;;;;;; 43 ;;;;
Metazoa;Gastropoda;Cephalaspidea;Haminoeidae;Haminoea sp.;GB_247; 4 090 ;;;;;;;;;;;;;;;;;;;;;;;;;;;;;;
Metazoa;Gastropoda;Cephalaspidea;(vide);Bulloidea;GB_247;;;;; 131 ; 12 ;;;;;;;;;;;;;;;;;;;;;;;;;
Metazoa;Gastropoda;Lepetellida;Haliotidae;Haliotis sp.;GB_247;;;;;;;;;; 24 ;;;;;;;;;;; 48 ;;;;;;;;;;
Metazoa;Gastropoda;Littorinimorpha;Rissoidae;Rissoa sp.;GB_247; 64 ; 162 ;;;; 39 ;;; 243 ; 136 ; 59 ;;;; 44 ;;; 24 ;;;;;;;; 15 ;;;;; 34 
Metazoa;Gastropoda;Littorinimorpha;Rissoidae;Rissoidae;GB_247;; 26 ;;; 1 163 ; 2 750 ;; 36 ; 107 ; 30 ; 12 ; 64 ;;;;; 654 ; 154 ;;;;;;; 13 ;;;;;;
Metazoa;Gastropoda;Littorinimorpha;Vermetidae;Vermetidae;GB_247; 228 845 ; 29 654 ; 145 508 ; 172 052 ;; 121 865 ; 635 ; 52 001 ; 54 501 ; 24 194 ; 7 403 ; 25 037 ; 13 195 ; 45 246 ; 62 695 ; 12 012 ; 7 105 ;; 26 938 ; 21 345 ; 12 120 ; 7 028 ; 3 115 ; 2 602 ; 28 446 ; 5 066 ;; 1 629 ;; 7 975 ; 1 909 
Metazoa;Gastropoda;Trochida;Phasianellidae;Phasianellidae;GB_247; 22 ;;;;;;; 763 ; 55 ; 12 ;;;;;;; 129 ; 58 ;;;;;;;;;;;;;
Metazoa;Gastropoda;Trochida;Trochidae;Steromphala sp.;GB_247; 20 ;;;;;;;;; 90 ; 81 ; 18 ;;;; 510 ; 449 ; 352 ;; 1 252 ;;;;;;;;;; 54 ; 572 
Metazoa;Gastropoda;(vide);Cerithiidae;Cerithiidae;GB_247;;;;;;;;;;;;;;;;;;;;;;;;;;;;;; 50 ;
Metazoa;Gastropoda;(vide);Limapontiidae;Limapontiidae;GB_247;;;;; 9 525 ;; 55 ;; 1 843 ;;;;; 3 001 ;;; 14 ;; 1 288 ; 4 534 ; 271 ;;;;;; 54 ;;;;
Metazoa;Gastropoda;(vide);Limapontiidae;Placida sp.;GB_247;;;;;;;;;;;;; 14 ; 363 ;;;;;;; 138 ;;;;;;;;;;
Metazoa;Gastropoda;(vide);Patellidae;Patella sp.;GB_247;;;;;;;;;;;;;;;; 18 ;;;;;;;;;;;;;;;
Metazoa;Gastropoda;(vide);Patellidae;Patella vulgata;GB_247;;;;;;;;;;; 11 ;;;;; 294 ; 96 ; 2 151 ;;;;;;;;;;;;;
Metazoa;Gastropoda;(vide);Plakobranchidae;Elysia timida;GB_247;;;;;;;;;;;;;; 17 ;;;;;;;;;;;;;;;;;
Metazoa;Gastropoda;(vide);Plakobranchidae;Plakobranchidae;GB_247; 21 780 ; 50 546 ; 121 589 ; 113 196 ; 21 058 ; 8 696 ; 920 ; 63 ; 181 ; 382 ; 4 384 ; 43 444 ; 30 104 ; 19 933 ; 32 138 ; 411 961 ; 90 771 ; 86 929 ; 906 ; 4 513 ; 1 048 ; 177 ;;;;; 26 912 ; 26 216 ; 4 216 ; 57 252 ; 12 678 
Metazoa;Gastropoda;(vide);Plakobranchidae;Plakobranchus sp.;GB_247;;;;;;;;;;;;;; 11 ;;;;;;;;;;;;;;;;;
Metazoa;Gastropoda;(vide);(vide);Caenogastropoda;GB_247;;;;;;;;;;;;;;;;;;;;;;;;;;;;;; 273 ;
Metazoa;Gymnolaemata;Cheilostomatida;Bugulidae;Bugula neritina;GB_247;;; 13 ;;;;;; 22 ;;;;;;;;; 13 ;;;;;;;;; 28 ;;; 152 ; 938 
Metazoa;Gymnolaemata;Cheilostomatida;Bugulidae;Bugulidae;GB_247;;;;; 21 ;;;;;;;;;;;;;;;;;;;;;;;;;;
Metazoa;Gymnolaemata;Cheilostomatida;Bugulidae;Bugulina stolonifera;GB_247; 30 ; 189 ;;;;;; 27 ;;;;;; 11 ;;; 37 ;;;;;;;;;; 49 ;;; 411 ; 73 
Metazoa;Gymnolaemata;Cheilostomatida;Candidae;Candidae;GB_247;;;;; 345 ;;;; 20 ;;;;;;;; 45 ; 18 ;; 29 ;;;;;;; 35 ;;;;
Metazoa;Gymnolaemata;Cheilostomatida;Candidae;Cradoscrupocellaria reptans;GB_247; 18 ;;;;;;;;;;;;;;;;; 53 ;;;;;;;;;;;;; 34 
Metazoa;Gymnolaemata;Cheilostomatida;Candidae;Scrupocellaria sp.;GB_247;;;;;;;;;;;;;;;;;; 178 ;;;;;;;; 15 ; 614 ;; 144 ; 203 ; 111 
Metazoa;Gymnolaemata;Cheilostomatida;Celleporidae;Celleporidae;GB_247;;;;;;;;;; 12 ;;;;;; 18 ; 19 ; 256 ;;;;;;;;;;;;;
Metazoa;Gymnolaemata;Cheilostomatida;Electridae;Electra sp.;GB_247;;;;; 80 ;;; 183 ; 30 ; 36 ;; 21 ;;;;;;;;;;;;;;;;;;;
Metazoa;Gymnolaemata;Cheilostomatida;Electridae;Electridae;GB_247;;;;; 51 ;;; 661 ; 3 549 ; 395 ; 650 ; 650 ; 92 ; 73 ; 25 ;;;;; 1 122 ;;; 60 ;; 1 147 ; 929 ;;;;;
Metazoa;Gymnolaemata;Cheilostomatida;Hippothoidae;Hippothoidae;GB_247;;;;;;;;;;; 19 ;;;;;;;;;;;;;;;;;;;;
Metazoa;Gymnolaemata;Cheilostomatida;Microporellidae;Microporellidae;GB_247;;;;; 248 ; 425 ;; 32 ; 469 ;;;;;;;;; 172 ;;;;;;;;;;;;;
Metazoa;Gymnolaemata;Cheilostomatida;Petraliidae;Mobunula sp.;GB_247;;;;;;;;;; 45 ;;;; 23 ; 15 ; 1 099 ; 4 566 ; 1 346 ;;;;;;;;;;;;;
Metazoa;Gymnolaemata;Cheilostomatida;Phidoloporidae;Hippellozoon sp.;GB_247;;;;; 32 ;;;;;;;;;;;;;;;;;;;;;;;;;;
Metazoa;Gymnolaemata;Cheilostomatida;Savignyellidae;Savigyniella lafonti;GB_247;;;;;;;;;;;;;;;;;; 174 ;;;;;;;;;;;;;
Metazoa;Gymnolaemata;Cheilostomatida;Schizoporellidae;Schizoporella erratoidea;GB_247; 245 ; 176 ; 326 ;; 468 ; 1 566 ;; 31 ; 73 ; 58 ; 92 ; 82 ;;;; 117 ; 821 ; 3 603 ;; 110 ; 22 ; 40 ;;;;;;;;;
Metazoa;Gymnolaemata;Cheilostomatida;Schizoporellidae;Schizoporellidae;GB_247;;;;;;;;;;;;;;;;;;;;;;;; 17 ;;;;;;;
Metazoa;Gymnolaemata;Cheilostomatida;Watersiporidae;Watersipora subtorquata;GB_247;;;;;;;;;;; 16 ;;; 41 ;;; 15 ; 61 ;;;;;;;; 13 ; 43 ;; 13 ; 20 ; 110 
Metazoa;Gymnolaemata;Cheilostomatida;(vide);Cheilostomatida;GB_247;;;;;;;;;; 19 ;;;;;;;;;;;;;;;;;;;;;
Metazoa;Gymnolaemata;Cheilostomatida;(vide);Flustrina;GB_247; 242 ; 81 ; 509 ;; 845 ; 132 ;; 48 ; 472 ; 441 ; 295 ; 1 284 ; 52 ; 146 ; 39 ; 49 ; 81 ; 250 ; 19 ;;;;;;; 17 ; 215 ; 198 ; 54 ; 59 ; 266 
Metazoa;Gymnolaemata;Cheilostomatida;(vide);Smittinoidea;GB_247;;;;; 1 917 ;;; 16 ; 249 ; 694 ; 170 ; 85 ;; 24 ; 17 ;;;;;;;;;;;;;;;;
Metazoa;Holothuroidea;Aspidochirotida;Holothuriidae;Holothuria sp.;GB_247;;;;;;;;; 184 ; 135 ; 58 ;;;;;; 23 ;;;;;;;;;;;;;;
Metazoa;Holothuroidea;Aspidochirotida;Holothuriidae;Holothuria tubulosa;GB_247;;;;;;;;;;;; 77 ;;;;;;;;;;;;;;;;;;;
Metazoa;Holothuroidea;Dendrochirotida;(vide);Dendrochirotida;GB_247;;;;;;;;;;;;;;;; 92 ;;;;;;; 17 ; 15 ; 30 ;;;;;;
Metazoa;Insecta;Blattodea;Blattidae;Blatta orientalis;GB_247;;;;;;;;;;;;;;;;;;;;; 36 ;;;;;;;;;;
Metazoa;Insecta;Blattodea;Termopsidae;Termopsidae;GB_247;;;;; 32 ;;;;;;;;;;;;;;;;;;;;;;;;;;
Metazoa;Insecta;Coleoptera;Carabidae;Carabidae;GB_247;;;;;;;;;;;;;;;; 85 ;;;;; 38 ;;;;;; 47 ;;;;
Metazoa;Insecta;Coleoptera;Carabidae;Styracoderus atramentarius;GB_247;;;;;;;;;;;;;;;;;;;;; 12 ;;;;;;;;;;
Metazoa;Insecta;Coleoptera;Dytiscidae;Cybister tripunctatus;GB_247;;;;;;;;;;;;;;;;;;;;;;;;;;; 54 ;; 69 ;;
Metazoa;Insecta;Coleoptera;Dytiscidae;Dytiscidae;GB_247;;;;;;;;;;;;;;;;;;;;;;;;;;; 14 ; 22 ;;;
Metazoa;Insecta;Diptera;Chironomidae;Chironomidae;GB_247;;;;;;;;;; 48 ;;;;;;;;;;;;;;;; 12 ;;;;; 58 
Metazoa;Insecta;Diptera;Chironomidae;Chironomus sp.;GB_247;;;;;;;;;;;;;;;;;;;;;;;;;;;; 12 ;; 49 ;
Metazoa;Insecta;Diptera;Chironomidae;Limnophyes sp.;GB_247;;;;;;;;;;; 19 ;;;;;;;;;;;;;;;;;;;;
Metazoa;Insecta;Diptera;Chironomidae;Orthocladiinae;GB_247;; 4 883 ; 2 275 ;;;;; 34 ;; 88 ;; 101 ; 167 ; 810 ; 39 ;;; 68 222 ;;;;;;;;;;;; 12 ; 209 
Metazoa;Insecta;Diptera;Chironomidae;Tanypus punctipennis;GB_247;;;;;;;;;; 21 ;;;;;;;;;;;;;;;;;;;;;
Metazoa;Insecta;Diptera;Culicidae;Aedini;GB_247;;;;;;;; 39 ;;;;;;;;;;;;;;;;;;;;;;;
Metazoa;Insecta;Diptera;Phoridae;Dohrniphora cornuta;GB_247;;;;;;;;;;; 44 ;;;;;;;;;;;;;;;;;;;;
Metazoa;Insecta;Diptera;Phoridae;Megaselia scalaris;GB_247;;;;;;;;; 12 ;;;;; 64 ;;;;;;;;;;;;;;;;;
Metazoa;Insecta;Diptera;Syrphidae;Eristalini;GB_247;;;;;;;;;; 29 ;;;;;;;;;;;;;;;;;;;;;
Metazoa;Insecta;Diptera;Tachinidae;Janthinomyia sp. PH-2020;GB_247;;;;; 46 ;;;;;;;;;;;;;;;;;;;;;;;;;;
Metazoa;Insecta;Diptera;Tephritidae;Bactrocera oleae;GB_247;;;;;;;;;; 98 ;;;;;;;;;;;;;;;;;;;;;
Metazoa;Insecta;Diptera;Tephritidae;Dacini;GB_247;;;;;;;;;;; 12 ;;;;;;;;;;;;;;;;;;;;
Metazoa;Insecta;Diptera;(vide);Muscomorpha;GB_247;;;;; 27 ;;;;; 151 ; 172 ;;;;;;;;;;;;;;;;;;;;
Metazoa;Insecta;Diptera;(vide);Nematocera;GB_247;;;;;;;;;;;;;;;;;;;;;;;;; 17 ;;;;;;
Metazoa;Insecta;Hemiptera;Aphrophoridae;Philaenus spumarius;GB_247;;;;;;;;;;; 36 ;;;;;;;;;;;;;;;;;;;;
Metazoa;Insecta;Hemiptera;Corixidae;Sigara septemlineata;GB_247;;;;;;;;;;;;;;;;;;;;;;;;;;;;;; 90 ; 13 
Metazoa;Insecta;Hemiptera;Cydnidae;Macroscytus sp.;GB_247;;;;;;;;;;;;;;;;;;;;; 47 ;;;;;;;;;;
Metazoa;Insecta;Hemiptera;Lygaeidae;Nysius cymoides;GB_247;;;;;;;;;;;;;;;; 255 ;;;;;;;;;;;;;;;
Metazoa;Insecta;Hemiptera;Lygaeidae;Nysius plebeius;GB_247;;;;;;;;;;;;;; 117 ;;;;;;;;;;;;; 12 ;;;;
Metazoa;Insecta;Hemiptera;Pentatomidae;Nezara viridula;GB_247;;;;;;;;;;;;;;; 14 ;;;;;;;;;;;;;;;;
Metazoa;Insecta;Hemiptera;Scutelleridae;Eurygaster testudinaria;GB_247;;;;;;;;;;;;;;;; 16 ;;;;;;;;;;;;;;;
Metazoa;Insecta;Odonata;Libellulidae;Sympetrum fonscolombii;GB_247;;;;;;;;;; 298 ; 213 ;;;;;;; 45 ;;;;;; 15 ;;; 160 ;; 43 ;;
Metazoa;Insecta;Odonata;(vide);Anisoptera;GB_247;;;;;;;;;; 51 ;;;;;;;;;;;;;;;;;;;;;
Metazoa;Insecta;Orthoptera;Acrididae;Acrididae;GB_247;;;;;;;;;;;;;;;;;;;;; 16 ;;;;;;;;;;
Metazoa;Insecta;Psocoptera;Liposcelididae;Liposcelididae;GB_247;;;;;;;; 12 ;;;;;;;;;;;;;;;;;;;;;;;
Metazoa;Insecta;(vide);(vide);Endopterygota;GB_247;;;;;;;;;; 33 ;;;;;;;;;;;;;;; 29 ;;;;;; 62 
Metazoa;Insecta;(vide);(vide);Neoptera;GB_247;;;;;;;;; 35 ;;;;;;;;;;;;;;;;;;;;;;
Metazoa;Lepidosauria;Squamata;Lacertidae;Podarcis muralis;GB_247;;;;;;;;;;;;;;;;;;;;;; 25 ;;;;;;;;;
Metazoa;Lepidosauria;Squamata;Phyllodactylidae;Tarentola mauritanica;GB_247;;;;;;;;;; 246 ;;;;;;;;;;;;;;;;;;;;;
Metazoa;Malacostraca;Decapoda;Alpheidae;Athanas nitescens;MED 2022;;;;; 11 ;;;;;;;;;;;;;;;;;;;;;;;;;;
Metazoa;Malacostraca;Decapoda;Carcinidae;Carcinus maenas;GB_247;; 45 ;;;;;;;;;;;;;; 41 ; 505 ; 413 ;;;;;;;;;;;;; 154 
Metazoa;Malacostraca;Decapoda;Diogenidae;Diogenidae;GB_247;;;;;;;;;;;;;;;;;;;;;;; 21 ;;;;;;;;
Metazoa;Malacostraca;Decapoda;Grapsidae;Pachygrapsus marmoratus;GB_247;;;;;;;;;;;;;;;;;;;;;;;;;;; 22 ;;;;
Metazoa;Malacostraca;Decapoda;Majidae;Maja sp.;GB_247;;;;;;;;;;;;;;;;;;;;;;;;;;;;;;; 24 
Metazoa;Malacostraca;Decapoda;Panopeidae;Eurypanopeus abbreviatus;GB_247;;;;;;;;;;;;;;;;;;;;;;;;;;;;;;; 69 
Metazoa;Malacostraca;Decapoda;Penaeidae;Penaeus sp.;GB_247;;;;;;;;; 19 ;;;;;;;;;;;;;;;;;;;;;;
Metazoa;Malacostraca;Decapoda;Pirimelidae;Pirimela denticulata;GB_247;;;;;;;;;;;;;;;;;;;; 26 ;;;;;;;;;;;
Metazoa;Malacostraca;Decapoda;Pirimelidae;Sirpus sp.;GB_247;;;;;;;;;;;; 20 ;;;;;;;;;;;;;;;;;;;
Metazoa;Malacostraca;Decapoda;Pirimelidae;Sirpus zariquieyi;GB_247;;;;;;;;;;; 23 ;;;;;;;;;;;;;;;;;;;;
Metazoa;Malacostraca;Decapoda;Polybiidae;Liocarcinus marmoreus;GB_247;;;; 1 126 ;;;;;;;;;;;;;;;;;;;;;;;;;;;
Metazoa;Malacostraca;Decapoda;Polybiidae;Liocarcinus sp.;GB_247;;;;;;;;;; 32 ; 106 ;;;;;;;;;;;;;;;;;;; 36 ;
Metazoa;Malacostraca;Decapoda;Polybiidae;Liocarcinus vernalis;GB_247;;;;;;;;;;;;;;;;; 70 ; 161 ;;;;;;;;;;;;; 16 
Metazoa;Malacostraca;Decapoda;Polybiidae;Necora puber;GB_247;;;;;;;;;;;;;;;;;;;;;;;;;;; 19 ; 18 ;;; 26 
Metazoa;Malacostraca;Decapoda;(vide);Caridea;GB_247;;;;;;;;;;;;;;;;;;;; 112 ;;;;;;;;;;;
Metazoa;Malacostraca;Decapoda;(vide);Penaeoidea;GB_247;;;;;;;; 29 ; 50 ;;;;;;;;;;;;;;;;;;;;;;
Metazoa;Malacostraca;Decapoda;(vide);Pleocyemata;GB_247;; 77 ;;;;;;;;;;;;;;;;;;;;;;;;; 75 ;;;;
Metazoa;Malacostraca;Isopoda;Idoteidae;Idotea baltica;GB_247;;;;;;;;;;;;;;;;;; 27 ;;;;;;;;;;;;;
Metazoa;Malacostraca;Isopoda;Idoteidae;Idoteidae;GB_247;;;;;;;;;;;; 45 ;;;;;; 73 ;;;;;;;;;;;;;
Metazoa;Malacostraca;Isopoda;Sphaeromatidae;Sphaeromatidae;GB_247;;;;; 522 ;;;;; 84 ; 183 ; 61 ;;;;; 13 ; 293 ;; 458 ;;;;;;;;;;;
Metazoa;Malacostraca;Mysida;Mysidae;Mesopodopsis slabberi;GB_247;;;;;;;;;;;;;;;;;;;;;;;;;;; 12 ;;;;
Metazoa;Mammalia;Artiodactyla;Suidae;Sus scrofa;GB_247;; 124 ;;; 674 ;; 104 ;; 712 ; 29 ; 427 ;;; 117 ;;;;;;;; 120 ;;;;; 189 ; 245 ; 177 ;;
Metazoa;Mammalia;Chiroptera;Rhinolophidae;Rhinolophus sp.;GB_247;;;;; 22 ;;;;; 17 ; 15 ;;;;;;;;;;;;;;;;;;;;
Metazoa;Mammalia;Eulipotyphla;Erinaceidae;Erinaceus sp.;GB_247;;;;;;;;;;;;; 38 ;;; 228 ;;;;;;;;;;;;;;;
Metazoa;Mammalia;Rodentia;Echimyidae;Carterodon sulcidens;GB_247;;;;;;;;;;;;;;;;;;; 194 ; 47 ;;;;;;;;;;;
Metazoa;Mammalia;Rodentia;Muridae;Apodemus sylvaticus;GB_247;;;;;;;;;; 154 ;;;;;;;;;;; 526 ; 140 ;;;;;;;;;
Metazoa;Mammalia;Rodentia;Muridae;Murinae;GB_247;;;;; 1 418 ;;;;; 756 ; 859 ;;; 80 ;;;; 63 ;;; 98 ;;;; 81 ; 179 ; 153 ; 447 ; 155 ;;
Metazoa;Mammalia;Rodentia;Muridae;Mus sp.;GB_247;;;;;;;;;;;;;;;;;;;;;;;;;;;;;; 213 ; 98 
Metazoa;Mammalia;(vide);(vide);Laurasiatheria;GB_247; 1 144 ; 162 ; 295 ; 136 ; 1 162 ; 237 ;; 338 ; 253 ; 349 ; 398 ; 157 ; 249 ; 87 ; 218 ; 26 ; 118 ; 47 ; 626 ; 1 052 ; 176 ; 72 ; 110 ;; 152 ; 38 ; 78 ; 67 ; 70 ; 739 ; 289 
Metazoa;Ophiuroidea;Amphilepidida;Amphiuridae;Amphipholis sp.;GB_247; 1 644 ; 52 ;;;;;;;; 79 ; 43 ; 32 ; 49 ;;; 37 ; 15 ; 343 ;; 106 ;;;;;;; 15 ;;;; 77 
Metazoa;Ophiuroidea;Amphilepidida;Amphiuridae;Amphipholis squamata;GB_247;; 82 ;;;;;;;;;;;;;; 38 ; 368 ; 29 ;;;;;;;;; 371 ;;; 63 ; 214 
Metazoa;Ophiuroidea;Amphilepidida;Amphiuridae;Amphiuridae;GB_247; 449 ;;;;;;;;; 31 ;;;;;; 380 ; 2 676 ; 798 ;; 12 ;;;; 28 ;;; 234 ; 69 ; 33 ; 197 ; 175 
Metazoa;Ophiuroidea;(vide);(vide);Ophiuroidea;GB_247;;;;; 1 299 ;;; 38 ; 53 ; 88 ; 25 ;;; 21 ; 86 ; 143 ; 83 ;;; 40 ;;;;;;;;;;;
Metazoa;Palaeonemertea;(vide);Cephalotrichidae;Cephalotrichidae;GB_247;;;; 22 ; 3 438 ; 877 ; 60 ; 3 305 ; 1 625 ; 80 ; 58 ; 2 478 ; 5 234 ; 181 ;; 1 233 ; 574 ;;;; 182 ; 1 323 ;; 310 ;;;; 46 ; 88 ;;
Metazoa;Palaeonemertea;(vide);Tubulanidae;Tubulanidae;GB_247;;;;;;;;;; 24 ;;;;;;;;;;;;;;;;;;;;;
Metazoa;Phylactolaemata;(vide);Plumatellidae;Plumatellidae;GB_247;;;;; 2 133 ; 344 ; 371 ;; 45 ;;;;;;;;;;;; 53 ;;;;;;;;;;
Metazoa;Pilidiophora;Heteronemertea;Cerebratulidae;Cerebratulidae;GB_247;;;;;;;;; 35 ;;;;;;;;;;;;;;;;;;;;;; 20 
Metazoa;Pilidiophora;Heteronemertea;Lineidae;Lineidae;GB_247;;;;;;;;; 60 ;;;; 21 ;;;;;;;; 100 ; 15 ;;;;;;;;;
Metazoa;Pilidiophora;Heteronemertea;(vide);Heteronemertea;GB_247;;;;;;;;; 20 ;;;;;;;;;;;;;;;;;;;;;;
Metazoa;Polychaeta;Spionida;Magelonidae;Magelona mirabilis;GB_247;;;;;;;;;;;;;;;;;;;;;;;;;; 370 ;;;;;
Metazoa;Polychaeta;Spionida;Magelonidae;Magelonidae;GB_247;;;;;;;;;;;;;;;;;; 18 ;;;;;;;;;;;;;
Metazoa;Sagittoidea;Aphragmophora;Sagittidae;Sagitta setosa;GB_247;;;;; 4 442 ; 116 ;;;;;;;;;;;;;;;;;;; 93 ;;;;;;
Metazoa;Thecostraca;Balanomorpha;Chthamalidae;Chthamalus montagui;GB_247; 920 ;; 206 ; 22 ;;;;;;;;;;;;; 63 ; 1 234 ;;;;;;; 53 ; 1 133 ;;;; 395 ; 7 828 
Metazoa;Thecostraca;Balanomorpha;Chthamalidae;Chthamalus stellatus;GB_247;;;; 165 ;;;;;;;;;; 28 ;;; 326 ;;;;;;;; 242 ; 106 ;;;; 54 ; 5 018 
Metazoa;Thecostraca;Balanomorpha;Tetraclitidae;Tetraclita rufotincta;GB_247;;;;;;;;;;; 15 ;;;;;;;;;;;;;;;;;;;;
Metazoa;Thecostraca;Balanomorpha;(vide);Balanoidea;GB_247; 766 ; 333 ; 77 299 ; 6 201 ; 106 ; 1 194 ;; 1 019 ; 3 140 ; 887 ; 58 ; 75 ;;;; 241 ;; 180 ; 32 ; 16 ; 23 ; 16 ; 44 ; 48 ; 96 ; 77 ; 27 ; 247 ; 55 ; 124 ;
Metazoa;Thecostraca;Balanomorpha;(vide);Balanomorpha;GB_247;;; 93 ; 18 ;;;;;;;;;;;;;;;;;;;;;;;;;;;
Metazoa;Thecostraca;(vide);(vide);Thoracicalcarea;GB_247;;;;;;;;; 16 ;;;;;; 26 ;;;;;;;;;; 245 ; 109 ;;;;; 28 
Metazoa;(vide);Nemertodermatida;Nemertodermatidae;Nemertodermatidae;GB_247;;;;;;;;;;;;;;;;;;;;;;;;;;;;;;; 16 
Metazoa;(vide);(vide);Loxosomatidae;Loxosomatidae;GB_247;;;;; 309 ;;;;;;;;;;;;;;;;;;;;;;;;;;
Metazoa;(vide);(vide);Loxosomatidae;Loxosomella aloxiata;GB_247;;;;;;;;;;;;;;;;;;;;;;;;;;;; 42 ;;;
Metazoa;(vide);(vide);(vide);Metazoa;GB_247;;;;;;;;;;;;;;;;;;;;;;;;;; 12 ;;;;;
Metazoa;(vide);(vide);(vide);Porifera;GB_247;; 77 ; 15 ;; 17 ;;; 61 ;;;;;;;; 1 252 ; 498 ; 303 ;;;;;;;;;;;;;
